accession,title,organism,n_samples,source_summary,library_strategy,single_cell_flag,material_flag,disease_terms_found,expression_files,decision,top_reason
GSE159262,Novel 3D Approach to Model Non-Alcoholic Fatty Liver Disease using human Pluripotent Stem Cells,Homo sapiens 5/5,5,liver-pattern source 0/5,RNA-Seq 5/5,FAIL,WARN,disease/fibrosis terms found in sample metadata (4 sample(s)),"raw sequencing only (https://www.ncbi.nlm.nih.gov/sra?term=SRX9266301, https://www.ncbi.nlm.nih.gov/sra?term=SRX9266302, https://www.ncbi.nlm.nih.gov/sra?term=SRX9266303, https://www.ncbi.nlm.nih.gov/sra?term=SRX9266304, https://www.ncbi.nlm.nih.gov/sra?term=SRX9266305)",REJECT,"single_cell_or_spatial: cell-resolved assay; not bulk transcriptomics (cell-resolved signal in sample metadata: 10x, Chromium, Single cells were (5 sample(s)))"
GSE336962,Advancing probabilistic risk assessment of perfluorooctanoic acid through integration of in vitro data and physiologically based toxicokinetic modeling coupled with population-specific analysis,Homo sapiens 36/36,36,liver-pattern source 0/36,RNA-Seq 36/36,PASS,WARN,"disease term found only in series-level text, not corroborated by sample metadata",processed series-level file: GSE336962_PA_12w_normalized_counts.csv.gz,MANUAL_REVIEW,source_tissue: liver-pattern source 0/36
GSE300257,Effect of overexpression of LY6D on gene expression in L02 hepatocytes,Homo sapiens 6/6,6,liver-pattern source 6/6,RNA-Seq 6/6,PASS,WARN,"disease term found only in series-level text, not corroborated by sample metadata",processed series-level file: GSE300257_ExpressionProfile.txt.gz,MANUAL_REVIEW,sample_count: 6 samples (below 20)
GSE270357,Transcriptome sequencing of palmitic acid-treated HepG2 cells upon intervention of curcumin or curcumin-copper complex,Homo sapiens 9/9,9,liver-pattern source 9/9,RNA-Seq 9/9,PASS,WARN,"disease term found only in series-level text, not corroborated by sample metadata",processed series-level file: GSE270357_TPMs_allsamples.txt.gz,MANUAL_REVIEW,sample_count: 9 samples (below 20)
GSE316562,Cyanidin-3-rutinoside(C3R) Attenuates Free Fatty Acid-Induced Hepatic Lipid Accumulation in HepG2 Cells,Homo sapiens 15/15,15,liver-pattern source 15/15,RNA-Seq 15/15,PASS,WARN,"disease term found only in series-level text, not corroborated by sample metadata","raw sequencing only (https://www.ncbi.nlm.nih.gov/sra?term=SRX31822212, https://www.ncbi.nlm.nih.gov/sra?term=SRX31822213, https://www.ncbi.nlm.nih.gov/sra?term=SRX31822214, https://www.ncbi.nlm.nih.gov/sra?term=SRX31822215, https://www.ncbi.nlm.nih.gov/sra?term=SRX31822216, and 10 more (see sample_metadata.csv))",MANUAL_REVIEW,sample_count: 15 samples (below 20)
GSE296996,Gene expression profiling of tunicamycin-induced ER stress in HepG2 hepatoma cells,Homo sapiens 10/10,10,liver-pattern source 0/10,RNA-Seq 10/10,PASS,WARN,"disease term found only in series-level text, not corroborated by sample metadata",processed series-level file: GSE296996_count_matrix.txt.gz,MANUAL_REVIEW,sample_count: 10 samples (below 20)
GSE281797,Transcriptomic profiles of liver biopsies in obese patients with metabolic dysfunction-associated steatotic liver disease,Homo sapiens 94/94,94,liver-pattern source 94/94,RNA-Seq 94/94,PASS,PASS,disease/fibrosis terms found in sample metadata (94 sample(s)),processed series-level file: GSE281797_tpm.txt.gz,STRONG_CANDIDATE,
GSE253186,Evaluation of PFHpA impact on liver metabolism using human liver spheroids,Homo sapiens 2/2,2,liver-pattern source 2/2,RNA-Seq 2/2,FAIL,WARN,"disease term found only in series-level text, not corroborated by sample metadata","processed per-sample counts (2/2), packaged in GSE253186_RAW.tar",REJECT,"single_cell_or_spatial: cell-resolved assay; not bulk transcriptomics (cell-resolved signal in sample metadata: 10x, Cell Ranger, Seurat, barcodes.tsv, features.tsv, matrix.mtx (2 sample(s)))"
GSE286572,Hepatocyte reporter cells and integrated metabolomic and transcriptomic analyses reveal insights into hepatocyte changes in offspring of pregnancies with obesity,Homo sapiens 30/30,30,liver-pattern source 30/30; off-target tissue signal detected,RNA-Seq 30/30,PASS,WARN,"disease term found only in series-level text, not corroborated by sample metadata","raw sequencing only (https://www.ncbi.nlm.nih.gov/sra?term=SRX27340496, https://www.ncbi.nlm.nih.gov/sra?term=SRX27340497, https://www.ncbi.nlm.nih.gov/sra?term=SRX27340498, https://www.ncbi.nlm.nih.gov/sra?term=SRX27340499, https://www.ncbi.nlm.nih.gov/sra?term=SRX27340500, and 25 more (see sample_metadata.csv))",MANUAL_REVIEW,source_tissue: liver-pattern source 30/30; off-target tissue signal detected
GSE272035,Gene community-regulated pathway analysis successfully deciphers pathogenesis and biomarkers of viral versus metabolic hepatocellular carcinoma,Homo sapiens 71/71,71,liver-pattern source 71/71,RNA-Seq 71/71,PASS,PASS,disease/fibrosis terms found in sample metadata (71 sample(s)),processed series-level file: GSE272035_matrix.txt.gz,STRONG_CANDIDATE,
GSE287614,The transcription factor ZNF469 regulates collagen production in liver fibrosis [RNA-Seq],Homo sapiens 28/28,28,liver-pattern source 0/28,RNA-Seq 28/28,PASS,WARN,"disease term found only in series-level text, not corroborated by sample metadata","raw sequencing only (https://www.ncbi.nlm.nih.gov/sra?term=SRX27413751, https://www.ncbi.nlm.nih.gov/sra?term=SRX27413752, https://www.ncbi.nlm.nih.gov/sra?term=SRX27413753, https://www.ncbi.nlm.nih.gov/sra?term=SRX27413754, https://www.ncbi.nlm.nih.gov/sra?term=SRX27413755, and 23 more (see sample_metadata.csv))",MANUAL_REVIEW,source_tissue: liver-pattern source 0/28
GSE269412,The transcription factor ZNF469 regulates collagen production in liver fibrosis [RNA-Seq liver],Homo sapiens 262/262,262,liver-pattern source 262/262,RNA-Seq 262/262,PASS,PASS,"disease term found only in series-level text, not corroborated by sample metadata","raw sequencing only (https://www.ncbi.nlm.nih.gov/sra?term=SRX24829193, https://www.ncbi.nlm.nih.gov/sra?term=SRX24829194, https://www.ncbi.nlm.nih.gov/sra?term=SRX24829195, https://www.ncbi.nlm.nih.gov/sra?term=SRX24829196, https://www.ncbi.nlm.nih.gov/sra?term=SRX24829197, and 257 more (see sample_metadata.csv))",MANUAL_REVIEW,metadata_completeness: no disease/diagnosis/group/stage-type canonical field reported anywhere
GSE266939,The transcription factor ZNF469 regulates collagen production in liver fibrosis [RNAseq_HSC],Homo sapiens 36/36,36,liver-pattern source 0/36,RNA-Seq 36/36,PASS,WARN,"disease term found only in series-level text, not corroborated by sample metadata","raw sequencing only (https://www.ncbi.nlm.nih.gov/sra?term=SRX24488324, https://www.ncbi.nlm.nih.gov/sra?term=SRX24488325, https://www.ncbi.nlm.nih.gov/sra?term=SRX24488326, https://www.ncbi.nlm.nih.gov/sra?term=SRX24488327, https://www.ncbi.nlm.nih.gov/sra?term=SRX24488328, and 31 more (see sample_metadata.csv))",MANUAL_REVIEW,source_tissue: liver-pattern source 0/36
GSE255384,RNA-sequencing of alpha beta hydrolase domain 6 (ABHD6) wild type (WT) versus knockout (KO) Huh7 hepatoma cells with or without palmitic acid treatment.,Homo sapiens 24/24,24,liver-pattern source 0/24,RNA-Seq 24/24,PASS,WARN,"disease term found only in series-level text, not corroborated by sample metadata",processed series-level file: GSE255384_FPKMMatrix.txt.gz,MANUAL_REVIEW,source_tissue: liver-pattern source 0/24
GSE288077,Metabolic dysfunction-associated steatotic liver disease may increase intrahepatic interferon gene signatures in patients with chronic hepatitis B,"mixed organisms: Homo sapiens 18/35, Mus musculus 17/35",35,liver-pattern source 35/35,RNA-Seq 35/35,PASS,PASS,disease/fibrosis terms found in sample metadata (19 sample(s)),processed series-level file: GSE288077_Human_FPKMs.csv.gz,MANUAL_REVIEW,"organism_consistency: mixed organisms: Homo sapiens 18/35, Mus musculus 17/35"
GSE278008,Transcriptomic analysis of NAFLD model cells with the co-administration of pseudo-natural flavonol and copper,Homo sapiens 6/6,6,liver-pattern source 6/6,RNA-Seq 6/6,PASS,WARN,"disease term found only in series-level text, not corroborated by sample metadata",processed series-level file: GSE278008_TPMs_allsamples.txt.gz,MANUAL_REVIEW,sample_count: 6 samples (below 20)
GSE260862,Cell-permeated peptide P-T3H2 inhibits malignancy on hepatocarcinoma through stabilizing HNF4α protein,Homo sapiens 6/6,6,liver-pattern source 0/6,RNA-Seq 6/6,PASS,WARN,"disease term found only in series-level text, not corroborated by sample metadata",processed series-level file: GSE260862_gene_expression.xls.gz,MANUAL_REVIEW,sample_count: 6 samples (below 20)
GSE279791,Effect of GCN5 depletion in hepatocytes in NAFLD,Homo sapiens 6/6,6,liver-pattern source 6/6,RNA-Seq 6/6,PASS,WARN,"disease term found only in series-level text, not corroborated by sample metadata",processed series-level file: GSE279791_fpkm.txt.gz,MANUAL_REVIEW,sample_count: 6 samples (below 20)
GSE268273,Clinical and molecular characterization of steatotic liver disease in the setting of immune-mediated inflammatory diseases,Homo sapiens 109/109,109,liver-pattern source 109/109,RNA-Seq 109/109,PASS,PASS,disease/fibrosis terms found in sample metadata (109 sample(s)),"raw sequencing only (https://www.ncbi.nlm.nih.gov/sra?term=SRX24684209, https://www.ncbi.nlm.nih.gov/sra?term=SRX24684210, https://www.ncbi.nlm.nih.gov/sra?term=SRX24684211, https://www.ncbi.nlm.nih.gov/sra?term=SRX24684212, https://www.ncbi.nlm.nih.gov/sra?term=SRX24684213, and 104 more (see sample_metadata.csv))",CANDIDATE,
GSE210140,Gene expression profiling of stress-induced senescence and paracrine senecence in human hepatocytes,Homo sapiens 20/20,20,liver-pattern source 20/20,RNA-Seq 20/20,PASS,WARN,"disease term found only in series-level text, not corroborated by sample metadata",processed series-level file: GSE210140_UJ3100_exp_gene_level_tpm.txt.gz,MANUAL_REVIEW,metadata_completeness: no disease/diagnosis/group/stage-type canonical field reported anywhere
GSE238219,Perturb-seq against putative NAFLD target genes in differentiated HepaRG cells,Homo sapiens 5/5,5,liver-pattern source 5/5,RNA-Seq 5/5,FAIL,WARN,"disease term found only in series-level text, not corroborated by sample metadata","processed per-sample counts (5/5), packaged in GSE238219_RAW.tar",REJECT,"single_cell_or_spatial: cell-resolved assay; not bulk transcriptomics (cell-resolved signal in sample metadata: 10X, Cell Ranger, filtered_feature_bc_matrix (5 sample(s)))"
GSE269926,Single nucleus RNA-sequencing integrated into risk variant colocalization discovers 17 cell-type-specific abdominal obesity genes for metabolic dysfunction-associated steatotic liver disease [scRNA-seq],Homo sapiens 8/8,8,liver-pattern source 0/8; off-target tissue signal detected,RNA-Seq 8/8,FAIL,PASS,"disease term found only in series-level text, not corroborated by sample metadata",processed series-level file: GSE269926_matrix.mtx.gz,REJECT,"single_cell_or_spatial: cell-resolved assay; not bulk transcriptomics (cell-resolved signal in sample metadata: 10x, STARSolo, barcodes.tsv, features.tsv, matrix.mtx (9 sample(s)))"
GSE248376,Inferring secretory and metabolic pathway activity from omic data with secCellFie,Homo sapiens 6/6,6,liver-pattern source 6/6,RNA-Seq 6/6,PASS,WARN,"disease term found only in series-level text, not corroborated by sample metadata",processed series-level file: GSE248376_hepatokineTPM_GEO.csv.gz,MANUAL_REVIEW,sample_count: 6 samples (below 20)
GSE246221,A Mouse Model for Metabolic Dysfunction-associated Steatotic Liver Disease and Hepatocellular Carcinoma [RNA-seq],"mixed organisms: Homo sapiens 32/148, Mus musculus 116/148",148,liver-pattern source 148/148,RNA-Seq 148/148,PASS,PASS,disease/fibrosis terms found in sample metadata (28 sample(s)),processed series-level file: GSE246221_rawcounts_allsamples_human.txt.gz,MANUAL_REVIEW,"organism_consistency: mixed organisms: Homo sapiens 32/148, Mus musculus 116/148"
GSE246223,A Mouse Model for Metabolic Dysfunction-associated Steatotic Liver Disease and Hepatocellular Carcinoma,"mixed organisms: Homo sapiens 32/160, Mus musculus 128/160",160,liver-pattern source 160/160,"mixed strategies: ATAC-seq 12/160, RNA-Seq 148/160",PASS,PASS,disease/fibrosis terms found in sample metadata (28 sample(s)),"raw sequencing only (https://www.ncbi.nlm.nih.gov/sra?term=SRX22219328, https://www.ncbi.nlm.nih.gov/sra?term=SRX22219329, https://www.ncbi.nlm.nih.gov/sra?term=SRX22219330, https://www.ncbi.nlm.nih.gov/sra?term=SRX22219331, https://www.ncbi.nlm.nih.gov/sra?term=SRX22219332, and 155 more (see sample_metadata.csv))",MANUAL_REVIEW,"organism_consistency: mixed organisms: Homo sapiens 32/160, Mus musculus 128/160"
GSE240729,Development of a novel non-invasive biomarker panel for hepatic fibrosis in individuals with MASLD,Homo sapiens 67/67,67,liver-pattern source 67/67,RNA-Seq 67/67,PASS,PASS,"disease term found only in series-level text, not corroborated by sample metadata","processed per-sample counts (67/67), packaged in GSE240729_RAW.tar",MANUAL_REVIEW,"disease_relevance: disease term found only in series-level text, not corroborated by sample metadata"
GSE260666,Differential analysis of gene expression in liver tissues of patients with nonalcoholic fatty liver disease and controls.,Homo sapiens 16/16,16,liver-pattern source 16/16,RNA-Seq 16/16,PASS,PASS,disease/fibrosis terms found in sample metadata (10 sample(s)),processed series-level file: GSE260666_raw_counts.txt.gz,MANUAL_REVIEW,sample_count: 16 samples (below 20)
GSE229608,Multicellular liver organoid model for recapitulating hepatitis C virus infection and non-alcoholic fatty liver disease progression [scRNA-Seq],Homo sapiens 3/3,3,liver-pattern source 2/3,RNA-Seq 3/3,FAIL,WARN,"disease term found only in series-level text, not corroborated by sample metadata","processed per-sample counts (3/3), packaged in GSE229608_RAW.tar",REJECT,"single_cell_or_spatial: cell-resolved assay; not bulk transcriptomics (cell-resolved signal in sample metadata: 10x, Cell Ranger, barcodes.tsv, features.tsv, matrix.mtx, scRNA (3 sample(s)))"
GSE229596,Multicellular liver organoid model for recapitulating hepatitis C virus infection and non-alcoholic fatty liver disease progression [RNA-Seq],Homo sapiens 12/12,12,liver-pattern source 12/12,RNA-Seq 12/12,PASS,WARN,"disease term found only in series-level text, not corroborated by sample metadata",processed series-level file: GSE229596_merged.expression_Profile.GRCh38.gene.txt.gz,MANUAL_REVIEW,sample_count: 12 samples (below 20)
GSE261297,The fatty liver disease-causing protein PNPLA3-I148M alters lipid droplet-Golgi dynamics,Homo sapiens 60/60,60,liver-pattern source 60/60,RNA-Seq 60/60,PASS,WARN,"disease term found only in series-level text, not corroborated by sample metadata",processed series-level file: GSE261297_primary_count_gene.Counts.Table.txt.gz,MANUAL_REVIEW,metadata_completeness: no disease/diagnosis/group/stage-type canonical field reported anywhere
GSE202379,Single Nuclei RNA-Seq to map progression of non-alcoholic fatty liver disease (NAFLD) in patients II,Homo sapiens 59/59,59,liver-pattern source 59/59,RNA-Seq 59/59,FAIL,PASS,disease/fibrosis terms found in sample metadata (38 sample(s)),"processed per-sample counts (59/59), packaged in GSE202379_RAW.tar",REJECT,"single_cell_or_spatial: cell-resolved assay; not bulk transcriptomics (cell-resolved signal in sample metadata: 10x, Seurat, Single-nuclei, nuclei isolat (59 sample(s)))"
GSE248320,Lysine tRNA fragments and miR-194-5p co-regulate hepatic steatosis via β-Klotho and Perilipin 2 (RNA),Homo sapiens 4/4,4,liver-pattern source 0/4,RNA-Seq 4/4,PASS,WARN,"disease term found only in series-level text, not corroborated by sample metadata",processed series-level file: GSE248320_raw_counts_cells_longRNA.csv.gz,MANUAL_REVIEW,sample_count: 4 samples (below 20)
GSE207889,Stem cell-derived human liver organoids to model the progression of inflammatory and fibrotic injury in non-alcoholic fatty liver disease,Homo sapiens 19/19,19,liver-pattern source 19/19,RNA-Seq 19/19,FAIL,WARN,"disease term found only in series-level text, not corroborated by sample metadata","processed per-sample counts (19/19), packaged in GSE207889_RAW.tar",REJECT,"single_cell_or_spatial: cell-resolved assay; not bulk transcriptomics (cell-resolved signal in sample metadata: .h5ad, 10x, Cell Ranger, barcodes.tsv, cellranger, features.tsv, matrix.mtx, scRNA (20 sample(s)))"
GSE214432,Transcriptome profile of hepatocellular carcinoma from non-alcoholic fatty liver.,Homo sapiens 45/45,45,liver-pattern source 45/45,RNA-Seq 45/45,PASS,PASS,"disease term found only in series-level text, not corroborated by sample metadata","raw sequencing only (https://www.ncbi.nlm.nih.gov/sra?term=SRX21026420, https://www.ncbi.nlm.nih.gov/sra?term=SRX21026421, https://www.ncbi.nlm.nih.gov/sra?term=SRX21026422, https://www.ncbi.nlm.nih.gov/sra?term=SRX21026423, https://www.ncbi.nlm.nih.gov/sra?term=SRX21026424, and 40 more (see sample_metadata.csv))",MANUAL_REVIEW,metadata_completeness: no disease/diagnosis/group/stage-type canonical field reported anywhere
GSE233808,RNA N6-methyladenosine methyltransferase METTL3 drives NAFLD-HCC and is a therapeutic target for boosting immunotherapy,Homo sapiens 12/12,12,liver-pattern source 0/12,"mixed strategies: OTHER 8/12, RNA-Seq 4/12",PASS,WARN,disease/fibrosis terms found in sample metadata (12 sample(s)),"raw sequencing only (https://www.ncbi.nlm.nih.gov/sra?term=SRX20550764, https://www.ncbi.nlm.nih.gov/sra?term=SRX20550765, https://www.ncbi.nlm.nih.gov/sra?term=SRX20550766, https://www.ncbi.nlm.nih.gov/sra?term=SRX20550767, https://www.ncbi.nlm.nih.gov/sra?term=SRX20550768, and 7 more (see sample_metadata.csv))",MANUAL_REVIEW,sample_count: 12 samples (below 20)
GSE233806,RNA N6-methyladenosine methyltransferase METTL3 drives NAFLD-HCC and is a therapeutic target for boosting immunotherapy [RNA-Seq],Homo sapiens 4/4,4,liver-pattern source 0/4,RNA-Seq 4/4,WARN,WARN,disease/fibrosis terms found in sample metadata (4 sample(s)),processed series-level file: GSE233806_Raw_counts_txt.csv.gz,MANUAL_REVIEW,sample_count: 4 samples (below 20)
GSE231875,Effect of overexpression of ZBED3 on gene expression in HHL-5 hepatocytes,Homo sapiens 6/6,6,liver-pattern source 6/6,RNA-Seq 6/6,PASS,WARN,"disease term found only in series-level text, not corroborated by sample metadata",processed series-level file: GSE231875_ExpressionProfile.txt.gz,MANUAL_REVIEW,sample_count: 6 samples (below 20)
GSE200418,Transcriptomic profiling of induced steatosis in human precision-cut liver slices,Homo sapiens 99/99,99,liver-pattern source 99/99,RNA-Seq 99/99,PASS,PASS,"disease term found only in series-level text, not corroborated by sample metadata",processed series-level file: GSE200418_1047_uTPM.txt.gz,MANUAL_REVIEW,metadata_completeness: no disease/diagnosis/group/stage-type canonical field reported anywhere
GSE223652,Hepatocyte mARC1 Promotes Fatty Liver Disease,Homo sapiens 60/60,60,liver-pattern source 60/60,RNA-Seq 60/60,PASS,WARN,"disease term found only in series-level text, not corroborated by sample metadata",processed series-level file: GSE223652_counts_matrix_for_GEO_final.csv.gz,MANUAL_REVIEW,metadata_completeness: no disease/diagnosis/group/stage-type canonical field reported anywhere
GSE213621,Hepatocyte Smoothened Activity Controls Susceptibility to Insulin Resistance and Nonalcoholic Fatty Liver Disease [RNA-Seq],Homo sapiens 368/368,368,liver-pattern source 368/368,RNA-Seq 368/368,WARN,PASS,"disease term found only in series-level text, not corroborated by sample metadata",processed series-level file: GSE213621_FPKMs_allsamples.txt.gz,MANUAL_REVIEW,"disease_relevance: disease term found only in series-level text, not corroborated by sample metadata"
GSE206417,Integrated Gut/Liver-on-a-Chip platform as in vitro human model of non-alcoholic fatty liver disease,Homo sapiens 16/16,16,liver-pattern source 0/16; off-target tissue signal detected,RNA-Seq 16/16,PASS,WARN,"disease term found only in series-level text, not corroborated by sample metadata","processed per-sample counts (16/16), packaged in GSE206417_RAW.tar",MANUAL_REVIEW,sample_count: 16 samples (below 20)
GSE152091,Integrated Gut/Liver-on-a-Chip platform as in vitro human model of non-alcoholic fatty liver disease,Homo sapiens 23/23,23,liver-pattern source 0/23; off-target tissue signal detected,RNA-Seq 23/23,FAIL,WARN,"disease term found only in series-level text, not corroborated by sample metadata","processed per-sample counts (23/23), packaged in GSE152091_RAW.tar",REJECT,single_cell_or_spatial: cell-resolved assay; not bulk transcriptomics (cell-resolved signal in sample metadata: SMART-seq (23 sample(s)))
GSE225740,Clinically Important Alterations in Pharmacogene Expression in Histologically Severe Nonalcoholic Fatty Liver Disease,Homo sapiens 93/93,93,liver-pattern source 93/93,RNA-Seq 93/93,PASS,PASS,"disease term found only in series-level text, not corroborated by sample metadata",processed series-level file: GSE225740_NAFLD_RNA_counts.csv.gz,MANUAL_REVIEW,"disease_relevance: disease term found only in series-level text, not corroborated by sample metadata"
GSE221705,Transcriptomic characterization of control and drug-treated APOB-mutant organoids to study steatosis-resolving drug effects,Homo sapiens 12/12,12,liver-pattern source 12/12,RNA-Seq 12/12,PASS,WARN,"disease term found only in series-level text, not corroborated by sample metadata","raw sequencing only (https://www.ncbi.nlm.nih.gov/sra?term=SRX18840739, https://www.ncbi.nlm.nih.gov/sra?term=SRX18840740, https://www.ncbi.nlm.nih.gov/sra?term=SRX18840741, https://www.ncbi.nlm.nih.gov/sra?term=SRX18840742, https://www.ncbi.nlm.nih.gov/sra?term=SRX18840743, and 7 more (see sample_metadata.csv))",MANUAL_REVIEW,sample_count: 12 samples (below 20)
GSE223990,Network Pharmacology-based analysis of Resinacein S against non-alcoholic fatty liver disease by modulating lipid metabolism,Homo sapiens 6/6,6,liver-pattern source 6/6,RNA-Seq 6/6,PASS,WARN,"disease term found only in series-level text, not corroborated by sample metadata",processed series-level file: GSE223990_All.counts.txt.gz,MANUAL_REVIEW,sample_count: 6 samples (below 20)
GSE197399,Redistribution of lamina-associated domains reshapes Foxa2 binding in development of NAFLD,"mixed organisms: Homo sapiens 21/61, Mus musculus 40/61",61,liver-pattern source 61/61,"mixed strategies: ChIP-Seq 46/61, RNA-Seq 15/61",PASS,PASS,disease/fibrosis terms found in sample metadata (12 sample(s)),"raw sequencing only (https://www.ncbi.nlm.nih.gov/sra?term=SRX14280043, https://www.ncbi.nlm.nih.gov/sra?term=SRX14280044, https://www.ncbi.nlm.nih.gov/sra?term=SRX14280045, https://www.ncbi.nlm.nih.gov/sra?term=SRX14280046, https://www.ncbi.nlm.nih.gov/sra?term=SRX14280047, and 56 more (see sample_metadata.csv))",MANUAL_REVIEW,"organism_consistency: mixed organisms: Homo sapiens 21/61, Mus musculus 40/61"
GSE217235,Multi cytokine producing liver CD4+ T cells characterize the liver of NASH patients,Homo sapiens 6/6,6,liver-pattern source 6/6,RNA-Seq 6/6,FAIL,PASS,disease/fibrosis terms found in sample metadata (6 sample(s)),"processed per-sample counts (6/6), packaged in GSE217235_RAW.tar",REJECT,"single_cell_or_spatial: cell-resolved assay; not bulk transcriptomics (cell-resolved signal in sample metadata: 10x, Chromium, barcodes.tsv, features.tsv, genes.tsv, matrix.mtx (6 sample(s)))"
GSE207310,Stellate cell expression of SPARC-related modular calcium-binding protein 2 is associated with human non-alcoholic fatty liver disease severity,Homo sapiens 30/30,30,liver-pattern source 30/30,RNA-Seq 30/30,WARN,PASS,disease/fibrosis terms found in sample metadata (30 sample(s)),"raw sequencing only (https://www.ncbi.nlm.nih.gov/sra?term=SRX15955186, https://www.ncbi.nlm.nih.gov/sra?term=SRX15955187, https://www.ncbi.nlm.nih.gov/sra?term=SRX15955188, https://www.ncbi.nlm.nih.gov/sra?term=SRX15955189, https://www.ncbi.nlm.nih.gov/sra?term=SRX15955190, and 25 more (see sample_metadata.csv))",MANUAL_REVIEW,single_cell_or_spatial: series prose mentions single-cell; sample metadata does not corroborate
GSE214435,Disseminative Recurrence Signature for hepatocellular carcinoma from non-alcoholic fatty liver disease,Homo sapiens 104/104,104,liver-pattern source 104/104,RNA-Seq 104/104,PASS,PASS,disease/fibrosis terms found in sample metadata (59 sample(s)),"raw sequencing only (https://www.ncbi.nlm.nih.gov/sra?term=SRX13615945, https://www.ncbi.nlm.nih.gov/sra?term=SRX13615946, https://www.ncbi.nlm.nih.gov/sra?term=SRX13615947, https://www.ncbi.nlm.nih.gov/sra?term=SRX13615948, https://www.ncbi.nlm.nih.gov/sra?term=SRX13615949, and 99 more (see sample_metadata.csv))",MANUAL_REVIEW,"metadata_completeness: patchy fields: fibrosis_stage 59/104, nas_score 59/104. reported consistently: age, sex, tissue; not reported anywhere: bmi, diagnosis, disease, ethnicity, group, stage, steatosis_grade, treatment"
GSE213653,"The loss of paraoxonase-2 activity aggravates lipid accumulation, mitochondrial dysfunction, and oxidative stress through the impaired autophagy pathway in in vitro fatty liver model",Homo sapiens 6/6,6,liver-pattern source 6/6,RNA-Seq 6/6,PASS,WARN,"disease term found only in series-level text, not corroborated by sample metadata",processed series-level file: GSE213653_FPKMs_allsamples.txt.gz,MANUAL_REVIEW,sample_count: 6 samples (below 20)
GSE210927,Effect of Combinatorial Extracellular Matrix and Substrate Stiffness on Gene Expression of Activated Hepatic Stellate Cells,Homo sapiens 18/18,18,liver-pattern source 18/18,RNA-Seq 18/18,PASS,WARN,"disease term found only in series-level text, not corroborated by sample metadata","raw sequencing only (https://www.ncbi.nlm.nih.gov/sra?term=SRX17023418, https://www.ncbi.nlm.nih.gov/sra?term=SRX17023419, https://www.ncbi.nlm.nih.gov/sra?term=SRX17023420, https://www.ncbi.nlm.nih.gov/sra?term=SRX17023421, https://www.ncbi.nlm.nih.gov/sra?term=SRX17023422, and 13 more (see sample_metadata.csv))",MANUAL_REVIEW,sample_count: 18 samples (below 20)
GSE198391,Developmental modeling of hepatogenesis using obese iPSCs-hepatocyte differentiation uncovers pathological features,Homo sapiens 32/32,32,liver-pattern source 32/32,RNA-Seq 32/32,PASS,WARN,"disease term found only in series-level text, not corroborated by sample metadata","raw sequencing only (https://www.ncbi.nlm.nih.gov/sra?term=SRX14433843, https://www.ncbi.nlm.nih.gov/sra?term=SRX14433844, https://www.ncbi.nlm.nih.gov/sra?term=SRX14433845, https://www.ncbi.nlm.nih.gov/sra?term=SRX14433846, https://www.ncbi.nlm.nih.gov/sra?term=SRX14433847, and 27 more (see sample_metadata.csv))",MANUAL_REVIEW,metadata_completeness: no disease/diagnosis/group/stage-type canonical field reported anywhere
GSE193084,Transcriptome profile of liver biopsy tissues from patients with non-alcoholic fatty liver disease,Homo sapiens 271/271,271,liver-pattern source 271/271,RNA-Seq 271/271,PASS,PASS,disease/fibrosis terms found in sample metadata (271 sample(s)),"raw sequencing only (https://www.ncbi.nlm.nih.gov/sra?term=SRX13586670, https://www.ncbi.nlm.nih.gov/sra?term=SRX13586671, https://www.ncbi.nlm.nih.gov/sra?term=SRX13586672, https://www.ncbi.nlm.nih.gov/sra?term=SRX13586673, https://www.ncbi.nlm.nih.gov/sra?term=SRX13586674, and 266 more (see sample_metadata.csv))",CANDIDATE,
GSE193080,Transcriptome profile of liver biopsy tissues from patients with non-alcoholic fatty liver disease (tissue validation set 2).,Homo sapiens 59/59,59,liver-pattern source 59/59,RNA-Seq 59/59,PASS,PASS,disease/fibrosis terms found in sample metadata (59 sample(s)),"raw sequencing only (https://www.ncbi.nlm.nih.gov/sra?term=SRX13615945, https://www.ncbi.nlm.nih.gov/sra?term=SRX13615946, https://www.ncbi.nlm.nih.gov/sra?term=SRX13615947, https://www.ncbi.nlm.nih.gov/sra?term=SRX13615948, https://www.ncbi.nlm.nih.gov/sra?term=SRX13615949, and 54 more (see sample_metadata.csv))",CANDIDATE,
GSE193066,Transcriptome profile of liver biopsy tissues from patients with non-alcoholic fatty liver disease (tissue validation set 1).,Homo sapiens 164/164,164,liver-pattern source 164/164,RNA-Seq 164/164,PASS,PASS,disease/fibrosis terms found in sample metadata (164 sample(s)),"raw sequencing only (https://www.ncbi.nlm.nih.gov/sra?term=SRX13614022, https://www.ncbi.nlm.nih.gov/sra?term=SRX13614023, https://www.ncbi.nlm.nih.gov/sra?term=SRX13614024, https://www.ncbi.nlm.nih.gov/sra?term=SRX13614025, https://www.ncbi.nlm.nih.gov/sra?term=SRX13614026, and 159 more (see sample_metadata.csv))",CANDIDATE,
GSE192959,Transcriptome profile of liver biopsy tissues from patients with non-alcoholic fatty liver disease (derivation set).,Homo sapiens 48/48,48,liver-pattern source 48/48,RNA-Seq 48/48,PASS,PASS,disease/fibrosis terms found in sample metadata (48 sample(s)),"raw sequencing only (https://www.ncbi.nlm.nih.gov/sra?term=SRX13586670, https://www.ncbi.nlm.nih.gov/sra?term=SRX13586671, https://www.ncbi.nlm.nih.gov/sra?term=SRX13586672, https://www.ncbi.nlm.nih.gov/sra?term=SRX13586673, https://www.ncbi.nlm.nih.gov/sra?term=SRX13586674, and 43 more (see sample_metadata.csv))",CANDIDATE,
GSE200679,Hepatic senescence is associated with clinical progression of NAFLD/NASH: Role of BMP4 and its antagonist Gremlin1 (Hepatocytes),Homo sapiens 8/8,8,liver-pattern source 8/8; off-target tissue signal detected,RNA-Seq 8/8,PASS,WARN,"disease term found only in series-level text, not corroborated by sample metadata",processed series-level file: GSE200679_Kallisto_TPM_exp_profiles_cellline.txt.gz,MANUAL_REVIEW,sample_count: 8 samples (below 20)
GSE200678,Hepatic senescence is associated with clinical progression of NAFLD/NASH: Role of BMP4 and its antagonist Gremlin1 (Visceral adipose cells),Homo sapiens 35/35,35,liver-pattern source 0/35; off-target tissue signal detected,RNA-Seq 35/35,PASS,PASS,disease/fibrosis terms found in sample metadata (35 sample(s)),processed series-level file: GSE200678_Kallisto_visceral_AT_tissue_TPM.txt.gz,MANUAL_REVIEW,source_tissue: liver-pattern source 0/35; off-target tissue signal detected
GSE174748,An imbalance of tumour-suppressing and tumour-promoting hepatic stellate cell populations in liver fibrosis contributes to hepatocarcinogenesis,Homo sapiens 4/4,4,liver-pattern source 4/4,RNA-Seq 4/4,FAIL,PASS,disease/fibrosis terms found in sample metadata (2 sample(s)),"processed per-sample counts (4/4), packaged in GSE174748_RAW.tar",REJECT,"single_cell_or_spatial: cell-resolved assay; not bulk transcriptomics (cell-resolved signal in sample metadata: 10x, Cell Ranger, Seurat, barcodes.tsv, features.tsv, matrix.mtx (4 sample(s)))"
GSE180241,Endothelial-immune crosstalk contributes to vascular injury in non-alcoholic fatty liver disease,Homo sapiens 6/6,6,liver-pattern source 0/6,RNA-Seq 6/6,WARN,PASS,disease/fibrosis terms found in sample metadata (3 sample(s)),"raw sequencing only (https://www.ncbi.nlm.nih.gov/sra?term=SRX11482564, https://www.ncbi.nlm.nih.gov/sra?term=SRX11482565, https://www.ncbi.nlm.nih.gov/sra?term=SRX11482566, https://www.ncbi.nlm.nih.gov/sra?term=SRX11482568, https://www.ncbi.nlm.nih.gov/sra?term=SRX11482569, and 1 more (see sample_metadata.csv))",MANUAL_REVIEW,sample_count: 6 samples (below 20)
GSE179886,Endothelial-immune crosstalk contributes to vasculopathy in nonalcoholic fatty liver disease,Homo sapiens 2/2,2,liver-pattern source 0/2; off-target tissue signal detected,RNA-Seq 2/2,FAIL,PASS,"disease term found only in series-level text, not corroborated by sample metadata","processed per-sample counts (2/2), packaged in GSE179886_RAW.tar",REJECT,"single_cell_or_spatial: cell-resolved assay; not bulk transcriptomics (cell-resolved signal in sample metadata: 10X, CellRanger, barcodes.tsv, features.tsv, matrix.mtx (2 sample(s)))"
GSE174478,Whole transcriptome profiling of Japanese  nonalcoholic fatty liver disease cohort.,Homo sapiens 94/94,94,liver-pattern source 94/94,RNA-Seq 94/94,PASS,PASS,disease/fibrosis terms found in sample metadata (94 sample(s)),processed series-level file: GSE174478_raw_gene_counts_matrix.txt.gz,STRONG_CANDIDATE,
GSE185051,Hepatic Transcriptome Profiling of A Multiethnic Cohort of Pediatric Non-Alcoholic Fatty Liver Disease Patients Reveals Novel Genes and Pathways Associated With Disease Stages,Homo sapiens 57/57,57,liver-pattern source 57/57,RNA-Seq 57/57,PASS,PASS,disease/fibrosis terms found in sample metadata (57 sample(s)),"raw sequencing only (https://www.ncbi.nlm.nih.gov/sra?term=SRX12411586, https://www.ncbi.nlm.nih.gov/sra?term=SRX12411587, https://www.ncbi.nlm.nih.gov/sra?term=SRX12411588, https://www.ncbi.nlm.nih.gov/sra?term=SRX12411589, https://www.ncbi.nlm.nih.gov/sra?term=SRX12411590, and 52 more (see sample_metadata.csv))",CANDIDATE,
GSE190487,Gastrointestinal B-cells license metabolic T-cell activation in NASH microbiota anigen-independently and contribute to fibrosis by IgA-FcRy signalling,Homo sapiens 1/1,1,liver-pattern source 1/1,RNA-Seq 1/1,FAIL,PASS,disease/fibrosis terms found in sample metadata (1 sample(s)),"processed per-sample counts (1/1), packaged in GSE190487_RAW.tar",REJECT,"single_cell_or_spatial: cell-resolved assay; not bulk transcriptomics (cell-resolved signal in sample metadata: 10x, Cell Ranger, barcodes.tsv, features.tsv, matrix.mtx, scRNA (1 sample(s)))"
GSE192741,Spatial proteogenomics reveals distinct and evolutionarily-conserved hepatic macrophage niches (spatial),"mixed organisms: Homo sapiens 5/15, Mus musculus 10/15",15,liver-pattern source 15/15,RNA-Seq 15/15,FAIL,PASS,"disease term found only in series-level text, not corroborated by sample metadata","processed per-sample counts (15/15), packaged in GSE192741_RAW.tar",REJECT,"single_cell_or_spatial: cell-resolved assay; not bulk transcriptomics (cell-resolved signal in sample metadata: 10X, Seurat, Visium, filtered_feature_bc_matrix, tissue_positions (15 sample(s)))"
GSE192740,Spatial proteogenomics reveals distinct and evolutionarily-conserved hepatic macrophage niches (single cells),"mixed organisms: Danio rerio 4/132, Gallus gallus 2/132, Homo sapiens 38/132, Macaca mulatta 2/132, Mesocricetus auratus 2/132, Mus musculus 82/132, Sus scrofa 2/132",132,liver-pattern source 132/132,RNA-Seq 132/132,FAIL,PASS,"disease term found only in series-level text, not corroborated by sample metadata","processed per-sample counts (132/132), packaged in GSE192740_RAW.tar",REJECT,"single_cell_or_spatial: cell-resolved assay; not bulk transcriptomics (cell-resolved signal in sample metadata: Cell Ranger, CellRanger, Cite-seq, Seurat, filtered_feature_bc_matrix (132 sample(s)))"
GSE189175,Single-nucleus RNA-seq of NASH HCC liver tissue,Homo sapiens 6/6,6,liver-pattern source 6/6,RNA-Seq 6/6,FAIL,PASS,disease/fibrosis terms found in sample metadata (6 sample(s)),processed series-level file: GSE189175_counts_barcodes.tsv.gz,REJECT,"single_cell_or_spatial: cell-resolved assay; not bulk transcriptomics (cell-resolved signal in sample metadata: 10X, STARsolo, Seurat, barcodes.tsv, features.tsv, matrix.mtx (7 sample(s)))"
GSE186329,Activation of GPR3-b-Arrestin2-PKM2 by DPI enhanced glycolysis in kupffer cells,"mixed organisms: Homo sapiens 10/19, Mus musculus 9/19",19,liver-pattern source 19/19,RNA-Seq 19/19,FAIL,PASS,disease/fibrosis terms found in sample metadata (3 sample(s)),"raw sequencing only (https://www.ncbi.nlm.nih.gov/sra?term=SRX12724896, https://www.ncbi.nlm.nih.gov/sra?term=SRX12724897, https://www.ncbi.nlm.nih.gov/sra?term=SRX12724898, https://www.ncbi.nlm.nih.gov/sra?term=SRX12724899, https://www.ncbi.nlm.nih.gov/sra?term=SRX12724900, and 14 more (see sample_metadata.csv))",REJECT,"single_cell_or_spatial: cell-resolved assay; not bulk transcriptomics (cell-resolved signal in sample metadata: 10x, Cell Ranger, Single-cell suspension (6 sample(s)))"
GSE186328,Activation of GPR3-b-Arrestin2-PKM2 by DPI enhanced glycolysis in kupffer cells [single-cell RNA-seq],Homo sapiens 6/6,6,liver-pattern source 6/6,RNA-Seq 6/6,FAIL,PASS,disease/fibrosis terms found in sample metadata (3 sample(s)),processed series-level file: GSE186328_raw_counts.csv.gz,REJECT,"single_cell_or_spatial: cell-resolved assay; not bulk transcriptomics (cell-resolved signal in sample metadata: 10x, Cell Ranger, Single-cell suspension (6 sample(s)))"
GSE186326,Activation of GPR3-b-Arrestin2-PKM2 by DPI enhanced glycolysis in kupffer cells [Human KC],Homo sapiens 4/4,4,liver-pattern source 4/4,RNA-Seq 4/4,WARN,INFO,"disease term found only in series-level text, not corroborated by sample metadata","raw sequencing only (https://www.ncbi.nlm.nih.gov/sra?term=SRX12724906, https://www.ncbi.nlm.nih.gov/sra?term=SRX12724907, https://www.ncbi.nlm.nih.gov/sra?term=SRX12724908, https://www.ncbi.nlm.nih.gov/sra?term=SRX12724909)",MANUAL_REVIEW,sample_count: 4 samples (below 20)
GSE159924,"Increased adipose tissue fibrogenesis, not impaired expandability, is associated with nonalcoholic fatty liver disease",Homo sapiens 57/57,57,liver-pattern source 0/57; off-target tissue signal detected,RNA-Seq 57/57,PASS,PASS,disease/fibrosis terms found in sample metadata (24 sample(s)),processed series-level file: GSE159924_PSQ_fibrosis_all.gene_moderated_log2cpm.xlsx,MANUAL_REVIEW,source_tissue: liver-pattern source 0/57; off-target tissue signal detected
GSE156906,"Adipose tissue immunology, inflammation and exosomes in regulating insulin sensitivity in people with obesity and nonalcoholic fatty liver disease",Homo sapiens 66/66,66,liver-pattern source 0/66; off-target tissue signal detected,RNA-Seq 66/66,PASS,PASS,"disease term found only in series-level text, not corroborated by sample metadata",processed series-level file: GSE156906_PSQ_inflammation_all.gene_moderated_log2cpm.xlsx,MANUAL_REVIEW,source_tissue: liver-pattern source 0/66; off-target tissue signal detected
GSE168285,Transcriptomal profiling of liver microphysiological system (MPS) co-culture NASH model under varying culture conditions,Homo sapiens 179/179,179,liver-pattern source 179/179,RNA-Seq 179/179,PASS,PASS,"disease term found only in series-level text, not corroborated by sample metadata",processed series-level file: GSE168285_raw_counts.txt.gz,MANUAL_REVIEW,metadata_completeness: no disease/diagnosis/group/stage-type canonical field reported anywhere
GSE138312,Transcriptomic analysis of induced pluripotent stem cells (iPSC) and differentiated hepatocytes (iPSC-Heps) from a cohort of healthy subjects and patients with nonalcoholic fatty liver disease (NAFLD),Homo sapiens 74/74,74,liver-pattern source 0/74,RNA-Seq 74/74,PASS,WARN,disease/fibrosis terms found in sample metadata (42 sample(s)),"raw sequencing only (https://www.ncbi.nlm.nih.gov/sra?term=SRX6936046, https://www.ncbi.nlm.nih.gov/sra?term=SRX6936047, https://www.ncbi.nlm.nih.gov/sra?term=SRX6936048, https://www.ncbi.nlm.nih.gov/sra?term=SRX6936049, https://www.ncbi.nlm.nih.gov/sra?term=SRX6936050, and 69 more (see sample_metadata.csv))",MANUAL_REVIEW,source_tissue: liver-pattern source 0/74
GSE162694,Molecular Characterization and Cell Type Composition Deconvolution of Fibrosis in NAFLD,Homo sapiens 143/143,143,liver-pattern source 143/143,RNA-Seq 143/143,PASS,PASS,disease/fibrosis terms found in sample metadata (143 sample(s)),processed series-level file: GSE162694_raw_counts.csv.gz,STRONG_CANDIDATE,
GSE158884,RNA-seq in HepG2 cells with YY1 knockdown,Homo sapiens 22/22,22,liver-pattern source 22/22,RNA-Seq 22/22,PASS,WARN,"disease term found only in series-level text, not corroborated by sample metadata",processed series-level file: GSE158884_YY1_KD_feature_counts.txt.gz,MANUAL_REVIEW,metadata_completeness: no disease/diagnosis/group/stage-type canonical field reported anywhere
GSE167523,Transcriptome profiling of human non-alcoholic fatty liver disease,Homo sapiens 98/98,98,liver-pattern source 98/98,RNA-Seq 98/98,PASS,PASS,disease/fibrosis terms found in sample metadata (98 sample(s)),"processed per-sample counts (98/98), packaged in GSE167523_RAW.tar",STRONG_CANDIDATE,
GSE160200,Cholesterol-induced M4-like Macrophages in Non-alcoholic Steatohepatitis recruit Neutrophils and induce NETosis,Homo sapiens 20/20,20,liver-pattern source 0/20,RNA-Seq 20/20,PASS,PASS,"disease term found only in series-level text, not corroborated by sample metadata","processed per-sample counts (20/20), packaged in GSE160200_RAW.tar",MANUAL_REVIEW,source_tissue: liver-pattern source 0/20
GSE169446,XCR1+ type 1 conventional dendritic cells drive liver pathology in Non-Alcoholic Steatohepatitis [10x scRNA-seq],Homo sapiens 2/2,2,liver-pattern source 0/2,RNA-Seq 2/2,FAIL,PASS,disease/fibrosis terms found in sample metadata (1 sample(s)),"processed per-sample counts (2/2), packaged in GSE169446_RAW.tar",REJECT,"single_cell_or_spatial: cell-resolved assay; not bulk transcriptomics (cell-resolved signal in sample metadata: 10x, Single cell suspension, barcodes.tsv, cellranger, features.tsv, matrix.mtx (2 sample(s)))"
GSE164444,A selective HDAC8 inhibitor potentiates antitumor immunity and efficacy of immune checkpoint blockade in hepatocellular carcinoma,Homo sapiens 37/37,37,liver-pattern source 20/37,"mixed strategies: ChIP-Seq 17/37, RNA-Seq 20/37",PASS,PASS,disease/fibrosis terms found in sample metadata (37 sample(s)),no downloadable expression data or sequencing reads found,REJECT,expression_data_availability: no downloadable expression data (no downloadable expression data or sequencing reads found)
GSE164441,A selective HDAC8 inhibitor potentiates antitumor immunity and efficacy of immune checkpoint blockade in hepatocellular carcinoma [RNA-seq],Homo sapiens 20/20,20,liver-pattern source 10/20,RNA-Seq 20/20,PASS,PASS,disease/fibrosis terms found in sample metadata (20 sample(s)),processed series-level file: GSE164441_RNAseq_10Tvs10NT_cuffdiff_FPKM.txt.gz,MANUAL_REVIEW,source_tissue: liver-pattern source 10/20
GSE168484,Hepatic miR20b promotes nonalcholic fatty liver diseases by targeting PPARα,Homo sapiens 6/6,6,liver-pattern source 6/6,RNA-Seq 6/6,PASS,WARN,"disease term found only in series-level text, not corroborated by sample metadata","raw sequencing only (https://www.ncbi.nlm.nih.gov/sra?term=SRX10272908, https://www.ncbi.nlm.nih.gov/sra?term=SRX10272909, https://www.ncbi.nlm.nih.gov/sra?term=SRX10272910, https://www.ncbi.nlm.nih.gov/sra?term=SRX10272911, https://www.ncbi.nlm.nih.gov/sra?term=SRX10272912, and 1 more (see sample_metadata.csv))",MANUAL_REVIEW,sample_count: 6 samples (below 20)
GSE160022,TREM2 sustains macrophage-hepatocyte metabolic coordination in NAFLD and sepsis,"mixed organisms: Homo sapiens 11/31, Mus musculus 20/31",31,liver-pattern source 31/31,"mixed strategies: RNA-Seq 23/31, miRNA-Seq 8/31",FAIL,PASS,disease/fibrosis terms found in sample metadata (11 sample(s)),"raw sequencing only (https://www.ncbi.nlm.nih.gov/sra?term=SRX9353386, https://www.ncbi.nlm.nih.gov/sra?term=SRX9353387, https://www.ncbi.nlm.nih.gov/sra?term=SRX9353388, https://www.ncbi.nlm.nih.gov/sra?term=SRX9353389, https://www.ncbi.nlm.nih.gov/sra?term=SRX9353390, and 26 more (see sample_metadata.csv))",REJECT,single_cell_or_spatial: cell-resolved assay; not bulk transcriptomics (cell-resolved signal in sample metadata: snRNA (8 sample(s)))
GSE160016,TREM2 sustains macrophage-hepatocyte metabolic coordination in NAFLD and sepsis [Human_liver_RNA_seq],Homo sapiens 11/11,11,liver-pattern source 11/11,RNA-Seq 11/11,PASS,PASS,disease/fibrosis terms found in sample metadata (11 sample(s)),processed series-level file: GSE160016_gene_fpkm.txt.gz,MANUAL_REVIEW,sample_count: 11 samples (below 20)
GSE141078,The transcriptomic changes induced by NREP downregulation in HepG2 cells,Homo sapiens 6/6,6,liver-pattern source 0/6,RNA-Seq 6/6,PASS,WARN,"disease term found only in series-level text, not corroborated by sample metadata","raw sequencing only (https://www.ncbi.nlm.nih.gov/sra?term=SRX7223715, https://www.ncbi.nlm.nih.gov/sra?term=SRX7223716, https://www.ncbi.nlm.nih.gov/sra?term=SRX7223717, https://www.ncbi.nlm.nih.gov/sra?term=SRX7223718, https://www.ncbi.nlm.nih.gov/sra?term=SRX7223719, and 1 more (see sample_metadata.csv))",MANUAL_REVIEW,sample_count: 6 samples (below 20)
GSE138052,mRNA sequencing analysis of a novel model of 'NAFLD in a Dish',Homo sapiens 6/6,6,liver-pattern source 6/6,RNA-Seq 6/6,PASS,PASS,"disease term found only in series-level text, not corroborated by sample metadata","processed per-sample counts (6/6), packaged in GSE138052_RAW.tar",MANUAL_REVIEW,sample_count: 6 samples (below 20)
GSE135251,TRANSCRIPTOMIC PROFILING ACROSS THE SPECTRUM OF NON-ALCOHOLIC FATTY LIVER DISEASE,Homo sapiens 216/216,216,liver-pattern source 216/216,RNA-Seq 216/216,PASS,PASS,disease/fibrosis terms found in sample metadata (216 sample(s)),"processed per-sample counts (216/216), packaged in GSE135251_RAW.tar",STRONG_CANDIDATE,
GSE150026,Effects of Tesamorelin on Hepatic Transcriptomic Signatures in HIV-Associated NAFLD,Homo sapiens 78/78,78,liver-pattern source 78/78,RNA-Seq 78/78,PASS,PASS,disease/fibrosis terms found in sample metadata (78 sample(s)),processed series-level file: GSE150026_normalizedReadCounts.txt.gz,STRONG_CANDIDATE,
GSE135448,"High- and low-protein diet: effects on human hepatic fat content, autophagy, mitochondrial function and fat metabolism",Homo sapiens 19/19,19,liver-pattern source 19/19,RNA-Seq 19/19,PASS,PASS,"disease term found only in series-level text, not corroborated by sample metadata",processed series-level file: GSE135448_Diff_Expression_LPvsHP.txt.gz,MANUAL_REVIEW,sample_count: 19 samples (below 20)
GSE136103,Resolving the fibrotic niche of human liver cirrhosis using single-cell transcriptomics,"mixed organisms: Homo sapiens 24/26, Mus musculus 2/26",26,liver-pattern source 26/26; off-target tissue signal detected,RNA-Seq 26/26,FAIL,PASS,disease/fibrosis terms found in sample metadata (7 sample(s)),"processed per-sample counts (26/26), packaged in GSE136103_RAW.tar",REJECT,"single_cell_or_spatial: cell-resolved assay; not bulk transcriptomics (cell-resolved signal in sample metadata: 10X, Cell Ranger, barcodes.tsv, genes.tsv, matrix.mtx (26 sample(s)))"
GSE130970,Gene expression predicts histological severity and reveals distinct molecular profiles of nonalcoholic fatty liver disease,Homo sapiens 78/78,78,liver-pattern source 78/78,RNA-Seq 78/78,PASS,PASS,disease/fibrosis terms found in sample metadata (78 sample(s)),processed series-level file: GSE130970_all_sample_salmon_tximport_TPM_entrez_gene_ID.csv.gz,STRONG_CANDIDATE,
GSE135796,Growth Differentiation Factor 11 exacerbates non-alcoholic fatty liver disease in vitro and in vivo,Homo sapiens 6/6,6,liver-pattern source 6/6,RNA-Seq 6/6,PASS,WARN,"disease term found only in series-level text, not corroborated by sample metadata","raw sequencing only (https://www.ncbi.nlm.nih.gov/sra?term=SRX6709588, https://www.ncbi.nlm.nih.gov/sra?term=SRX6709589, https://www.ncbi.nlm.nih.gov/sra?term=SRX6709590, https://www.ncbi.nlm.nih.gov/sra?term=SRX6709591, https://www.ncbi.nlm.nih.gov/sra?term=SRX6709592, and 1 more (see sample_metadata.csv))",MANUAL_REVIEW,sample_count: 6 samples (below 20)
GSE134146,circRNA expression profiles of fibroblasts: normal vs. NASH cirrhosis,Homo sapiens 8/8,8,liver-pattern source 8/8,no expression-profiling strategy found (none reported),PASS,PASS,disease/fibrosis terms found in sample metadata (8 sample(s)),processed series-level file: GSE134146_quantile.txt.gz,REJECT,library_strategy: no expression-profiling samples (no expression-profiling strategy found (none reported))
GSE126831,A temporal proteogenomic atlas of HCV-host interactions unravels cell circuits driving viral and metabolic liver disease.,Homo sapiens 63/63,63,liver-pattern source 0/63,RNA-Seq 63/63,FAIL,WARN,"disease term found only in series-level text, not corroborated by sample metadata",processed series-level file: GSE126831_FPKM.tsv.gz,REJECT,single_cell_or_spatial: cell-resolved assay; not bulk transcriptomics (cell-resolved signal in sample metadata: SmartSeq (63 sample(s)))
GSE126848,HEPATIC TRANSCRIPTOME SIGNATURES IN PATIENTS WITH VARYING DEGREES OF NON-ALCOHOLIC FATTY LIVER DISEASE COMPARED TO HEALTHY NORMAL-WEIGHT INDIVIDUALS,Homo sapiens 57/57,57,liver-pattern source 57/57,RNA-Seq 57/57,PASS,PASS,disease/fibrosis terms found in sample metadata (31 sample(s)),processed series-level file: GSE126848_Gene_counts_raw.txt.gz,STRONG_CANDIDATE,
GSE109565,Identification of transcriptome and metabolome signatures of fatty liver disease in HepaRG cells exposed to PCB 126 and glyphosate,Homo sapiens 40/40,40,liver-pattern source 40/40,RNA-Seq 40/40,PASS,WARN,"disease term found only in series-level text, not corroborated by sample metadata",processed series-level file: GSE109565_Mesnage_et_al._Glyphosate_HepaRG_FPKM_Data.txt.gz,MANUAL_REVIEW,metadata_completeness: no disease/diagnosis/group/stage-type canonical field reported anywhere
GSE115193,Evaluating pre-clinical models for studying NASH driven HCC.,Homo sapiens 9/9,9,liver-pattern source 9/9,RNA-Seq 9/9,PASS,PASS,disease/fibrosis terms found in sample metadata (6 sample(s)),"raw sequencing only (https://www.ncbi.nlm.nih.gov/sra?term=SRX4150293, https://www.ncbi.nlm.nih.gov/sra?term=SRX4150294, https://www.ncbi.nlm.nih.gov/sra?term=SRX4150295, https://www.ncbi.nlm.nih.gov/sra?term=SRX4150296, https://www.ncbi.nlm.nih.gov/sra?term=SRX4150297, and 4 more (see sample_metadata.csv))",MANUAL_REVIEW,sample_count: 9 samples (below 20)
GSE116185,A NAFLD Model Created By Endoplasmic Reticulum Stress Response-Associated Steatosis in Human Induced Pluripotent Stem Cell-Derived Hepatocytes,Homo sapiens 4/4,4,liver-pattern source 4/4,RNA-Seq 4/4,PASS,WARN,"disease term found only in series-level text, not corroborated by sample metadata","raw sequencing only (https://www.ncbi.nlm.nih.gov/sra?term=SRX4286160, https://www.ncbi.nlm.nih.gov/sra?term=SRX4286161, https://www.ncbi.nlm.nih.gov/sra?term=SRX4286162, https://www.ncbi.nlm.nih.gov/sra?term=SRX4286163)",MANUAL_REVIEW,sample_count: 4 samples (below 20)
GSE105127,Epigenomic analysis of micro-dissected human liver reveals principles of zonated morphogenic and metabolic control,Homo sapiens 114/114,114,liver-pattern source 114/114,"mixed strategies: Bisulfite-Seq 57/114, RNA-Seq 57/114",PASS,PASS,"disease term found only in series-level text, not corroborated by sample metadata","raw sequencing only (https://www.ncbi.nlm.nih.gov/sra?term=SRX3298622, https://www.ncbi.nlm.nih.gov/sra?term=SRX3298623, https://www.ncbi.nlm.nih.gov/sra?term=SRX3298624, https://www.ncbi.nlm.nih.gov/sra?term=SRX3298625, https://www.ncbi.nlm.nih.gov/sra?term=SRX3298626, and 109 more (see sample_metadata.csv))",MANUAL_REVIEW,"library_strategy: mixed strategies: Bisulfite-Seq 57/114, RNA-Seq 57/114"
GSE107650,Low carbohydrate diet study for non-alcoholic fatty liver disease patients,Homo sapiens 14/14,14,liver-pattern source 14/14,RNA-Seq 14/14,PASS,PASS,disease/fibrosis terms found in sample metadata (14 sample(s)),"processed per-sample counts (14/14), packaged in GSE107650_RAW.tar",MANUAL_REVIEW,sample_count: 14 samples (below 20)
GSE326385,Fucoxanthin ameliorates metabolic dysfunction-associated steatohepatitis via suppression of CD36-driven fatty acid uptake,Homo sapiens 18/18,18,liver-pattern source 18/18,RNA-Seq 18/18,PASS,WARN,"disease term found only in series-level text, not corroborated by sample metadata","raw sequencing only (https://www.ncbi.nlm.nih.gov/sra?term=SRX32714933, https://www.ncbi.nlm.nih.gov/sra?term=SRX32714934, https://www.ncbi.nlm.nih.gov/sra?term=SRX32714935, https://www.ncbi.nlm.nih.gov/sra?term=SRX32714936, https://www.ncbi.nlm.nih.gov/sra?term=SRX32714937, and 13 more (see sample_metadata.csv))",MANUAL_REVIEW,sample_count: 18 samples (below 20)
GSE298719,A Human Single-cell Atlas Identifies OLR1+ Scar-associated Macrophages as a Therapeutic Target for Chronic Liver Disease,"mixed organisms: Homo sapiens 13/41, Mus musculus 28/41",41,liver-pattern source 27/41,"mixed strategies: ATAC-seq 8/41, RNA-Seq 33/41",FAIL,INFO,disease/fibrosis terms found in sample metadata (7 sample(s)),"processed per-sample counts (41/41), packaged in GSE298719_RAW.tar",REJECT,"single_cell_or_spatial: cell-resolved assay; not bulk transcriptomics (cell-resolved signal in sample metadata: 10X, Cell Ranger, CellRanger, Chromium, ScRNA, barcodes.tsv, cellranger, features.tsv, matrix.mtx, scRNA (41 sample(s)))"
GSE341780,ERα/miR-26a/ANKRD52 axis regulates progression of MASH- associated HCC in HDTVi HCC models,Homo sapiens 6/6,6,liver-pattern source 0/6,RNA-Seq 6/6,PASS,WARN,"disease term found only in series-level text, not corroborated by sample metadata",processed series-level file: GSE341780_gene_count_matrix.xlsx,MANUAL_REVIEW,sample_count: 6 samples (below 20)
GSE320365,An Integrated Multi-omic Analysis Reveals Novel Gene-Metabolite Relationships in Human Steatohepatitic Hepatocellular Carcinoma,Homo sapiens 15/15,15,liver-pattern source 15/15,RNA-Seq 15/15,PASS,WARN,"disease term found only in series-level text, not corroborated by sample metadata","raw sequencing only (https://www.ncbi.nlm.nih.gov/sra?term=SRX32263362, https://www.ncbi.nlm.nih.gov/sra?term=SRX32263363, https://www.ncbi.nlm.nih.gov/sra?term=SRX32263364, https://www.ncbi.nlm.nih.gov/sra?term=SRX32263365, https://www.ncbi.nlm.nih.gov/sra?term=SRX32263366, and 10 more (see sample_metadata.csv))",MANUAL_REVIEW,sample_count: 15 samples (below 20)
GSE334408,Resmetirom ameliorates fibrogenesis in hepatic stellate cells via thyroid hormone receptor alpha-fatty-acid amide hydrolase 1 signaling pathway,Homo sapiens 8/8,8,liver-pattern source 8/8,RNA-Seq 8/8,PASS,WARN,"disease term found only in series-level text, not corroborated by sample metadata","processed per-sample counts (8/8), packaged in GSE334408_RAW.tar",MANUAL_REVIEW,sample_count: 8 samples (below 20)
GSE334407,Physiologically relevant media are associated with overlapping metabolic responses in primary human hepatocytes and Huh7 cells,Homo sapiens 30/30,30,liver-pattern source 30/30,RNA-Seq 30/30,PASS,WARN,"disease term found only in series-level text, not corroborated by sample metadata",processed series-level file: GSE334407_Huh7_raw_counts.txt.gz,MANUAL_REVIEW,metadata_completeness: no disease/diagnosis/group/stage-type canonical field reported anywhere
GSE325645,Transcriptomic profiling of NK cells in CHB and CHB-MASLD,Homo sapiens 7/7,7,liver-pattern source 0/7,RNA-Seq 7/7,PASS,WARN,disease/fibrosis terms found in sample metadata (3 sample(s)),processed series-level file: GSE325645_gene_expression.txt.gz,MANUAL_REVIEW,sample_count: 7 samples (below 20)
GSE334651,Alternative splicing- and gene fusion-derived neoepitopes in MASLD-associated hepatocellular carcinoma,Homo sapiens 120/120,120,liver-pattern source 120/120,RNA-Seq 120/120,PASS,PASS,disease/fibrosis terms found in sample metadata (108 sample(s)),"raw sequencing only (https://www.ncbi.nlm.nih.gov/sra?term=SRX33650816, https://www.ncbi.nlm.nih.gov/sra?term=SRX33650817, https://www.ncbi.nlm.nih.gov/sra?term=SRX33650818, https://www.ncbi.nlm.nih.gov/sra?term=SRX33650819, https://www.ncbi.nlm.nih.gov/sra?term=SRX33650820, and 115 more (see sample_metadata.csv))",CANDIDATE,
GSE333851,Spatial Glyco-Codes Define Human Liver Pathology and Progression,Homo sapiens 32/32,32,liver-pattern source 32/32,no expression-profiling strategy found (OTHER),FAIL,PASS,disease/fibrosis terms found in sample metadata (24 sample(s)),"raw sequencing only (https://www.ncbi.nlm.nih.gov/sra?term=SRX33671159, https://www.ncbi.nlm.nih.gov/sra?term=SRX33671160, https://www.ncbi.nlm.nih.gov/sra?term=SRX33671161, https://www.ncbi.nlm.nih.gov/sra?term=SRX33671162, https://www.ncbi.nlm.nih.gov/sra?term=SRX33671163, and 27 more (see sample_metadata.csv))",REJECT,"single_cell_or_spatial: cell-resolved assay; not bulk transcriptomics (cell-resolved signal in sample metadata: CITE-seq, Seurat, Spatial Transcriptom (32 sample(s)))"
GSE282757,Evidence of a gut-adipose-liver axis: microbiota encroachment in metabolic dysfunction-associated steatotic liver disease,Homo sapiens 39/39,39,liver-pattern source 0/39; off-target tissue signal detected,RNA-Seq 39/39,PASS,PASS,disease/fibrosis terms found in sample metadata (13 sample(s)),processed series-level file: GSE282757_DESeq2_raw_counts_for_NCBI_GEO_-_renamed_PIDs.txt.gz,MANUAL_REVIEW,source_tissue: liver-pattern source 0/39; off-target tissue signal detected
GSE330266,Hepatocyte Hedgehog Signaling Controls Ferroptosis to Alleviate Aging-related Organ Dysfunction,Homo sapiens 10/10,10,liver-pattern source 10/10,RNA-Seq 10/10,FAIL,WARN,disease/fibrosis terms found in sample metadata (4 sample(s)),"raw sequencing only (https://www.ncbi.nlm.nih.gov/sra?term=SRX33257231, https://www.ncbi.nlm.nih.gov/sra?term=SRX33257232, https://www.ncbi.nlm.nih.gov/sra?term=SRX33257233, https://www.ncbi.nlm.nih.gov/sra?term=SRX33257234, https://www.ncbi.nlm.nih.gov/sra?term=SRX33257235, and 5 more (see sample_metadata.csv))",REJECT,"single_cell_or_spatial: cell-resolved assay; not bulk transcriptomics (cell-resolved signal in sample metadata: 10x, Single-nucleus, single-nucleus (10 sample(s)))"
GSE303732,An appendiceal cancer organoid biobank identifies phenotypic evolution and druggable dependencies of peritoneal carcinomatosis,Homo sapiens 6/6,6,liver-pattern source 0/6,RNA-Seq 6/6,FAIL,WARN,no NAFLD-spectrum term found in series or sample metadata,"processed per-sample counts (6/6), packaged in GSE303732_RAW.tar",REJECT,"single_cell_or_spatial: cell-resolved assay; not bulk transcriptomics (cell-resolved signal in sample metadata: .h5ad, 10x, Scanpy, barcodes.tsv, features.tsv, matrix.mtx, scRNA, single cell suspension (7 sample(s)))"
GSE309912,Bulk RNA-seq Toxic Lipid-induced Epigenetic Activation of ICAM1 in Liver Sinusoidal Endothelium Regulates Myeloid-Driven Fibro-inflammatory Response in MASH,Homo sapiens 12/12,12,liver-pattern source 12/12,RNA-Seq 12/12,PASS,INFO,"disease term found only in series-level text, not corroborated by sample metadata",processed series-level file: GSE309912_PA.800_vs_PA.LY_DE_statAll_normCPM.xlsx,MANUAL_REVIEW,sample_count: 12 samples (below 20)
GSE313271,S100A10-ANXA2 TETRAMER INHIBITION HAMPERS HEPATIC STELLATE CELL ACTIVATION IN MASLD MODELING HUMAN LIVER ORGANOIDS,Homo sapiens 1/1,1,liver-pattern source 1/1,RNA-Seq 1/1,FAIL,WARN,"disease term found only in series-level text, not corroborated by sample metadata","processed per-sample counts (1/1), packaged in GSE313271_RAW.tar",REJECT,"single_cell_or_spatial: cell-resolved assay; not bulk transcriptomics (cell-resolved signal in sample metadata: 10x, Cell Ranger, Chromium, Seurat, features.tsv, single-cell suspension (1 sample(s)))"
GSE326605,Bile acid uptake activates STAT signaling and impairs natural killer cells in metabolic dysfunction–associated steatohepatitis,Homo sapiens 4/4,4,liver-pattern source 4/4,RNA-Seq 4/4,FAIL,PASS,"disease term found only in series-level text, not corroborated by sample metadata","processed per-sample counts (4/4), packaged in GSE326605_RAW.tar",REJECT,"single_cell_or_spatial: cell-resolved assay; not bulk transcriptomics (cell-resolved signal in sample metadata: Chromium, Seurat, barcodes.tsv, cellranger, features.tsv, matrix.mtx (4 sample(s)))"
GSE319635,Methionine and choline deficiency rewires transcriptional programs to recapitulate molecular features of human MASH,"mixed organisms: Homo sapiens 6/8, Mus musculus 2/8",8,liver-pattern source 4/8,RNA-Seq 8/8,WARN,WARN,"disease term found only in series-level text, not corroborated by sample metadata",processed series-level file: GSE319635_Raw_counts_BMDM.txt.gz,MANUAL_REVIEW,sample_count: 8 samples (below 20)
GSE325422,RNA-seq analysis of sodium butyrate effects on palmitate-induced insulin resistance in HepG2 cells,Homo sapiens 15/15,15,liver-pattern source 15/15,RNA-Seq 15/15,PASS,WARN,"disease term found only in series-level text, not corroborated by sample metadata","raw sequencing only (https://www.ncbi.nlm.nih.gov/sra?term=SRX32573679, https://www.ncbi.nlm.nih.gov/sra?term=SRX32573680, https://www.ncbi.nlm.nih.gov/sra?term=SRX32573681, https://www.ncbi.nlm.nih.gov/sra?term=SRX32573682, https://www.ncbi.nlm.nih.gov/sra?term=SRX32573683, and 10 more (see sample_metadata.csv))",MANUAL_REVIEW,sample_count: 15 samples (below 20)
GSE290642,Selective targeting of endothelial and perivascular ROCK2 reverses liver fibrosis in  pigs and human patients,"mixed organisms: Homo sapiens 24/36, Sus scrofa 12/36",36,liver-pattern source 36/36,RNA-Seq 36/36,WARN,PASS,disease/fibrosis terms found in sample metadata (30 sample(s)),"raw sequencing only (https://www.ncbi.nlm.nih.gov/sra?term=SRX34454623, https://www.ncbi.nlm.nih.gov/sra?term=SRX34454624, https://www.ncbi.nlm.nih.gov/sra?term=SRX34454625, https://www.ncbi.nlm.nih.gov/sra?term=SRX34454626, https://www.ncbi.nlm.nih.gov/sra?term=SRX34454627, and 7 more (see sample_metadata.csv))",MANUAL_REVIEW,"organism_consistency: mixed organisms: Homo sapiens 24/36, Sus scrofa 12/36"
GSE260823,Transcriptomic analysis of co-culture generated lipid-associated macrophages (LAMs),Homo sapiens 6/6,6,liver-pattern source 0/6,RNA-Seq 6/6,PASS,WARN,"disease term found only in series-level text, not corroborated by sample metadata","raw sequencing only (https://www.ncbi.nlm.nih.gov/sra?term=SRX23831353, https://www.ncbi.nlm.nih.gov/sra?term=SRX23831354, https://www.ncbi.nlm.nih.gov/sra?term=SRX23831355, https://www.ncbi.nlm.nih.gov/sra?term=SRX23831356, https://www.ncbi.nlm.nih.gov/sra?term=SRX23831357, and 1 more (see sample_metadata.csv))",MANUAL_REVIEW,sample_count: 6 samples (below 20)
GSE324401,Evaluation of the immortalized primary human hepatocyte cell line Fa2N-4 as a model for MASLD,Homo sapiens 48/48,48,liver-pattern source 48/48,RNA-Seq 48/48,PASS,WARN,disease/fibrosis terms found in sample metadata (8 sample(s)),"raw sequencing only (https://www.ncbi.nlm.nih.gov/sra?term=SRX32438565, https://www.ncbi.nlm.nih.gov/sra?term=SRX32438566, https://www.ncbi.nlm.nih.gov/sra?term=SRX32438567, https://www.ncbi.nlm.nih.gov/sra?term=SRX32438568, https://www.ncbi.nlm.nih.gov/sra?term=SRX32438569, and 43 more (see sample_metadata.csv))",MANUAL_REVIEW,metadata_completeness: no disease/diagnosis/group/stage-type canonical field reported anywhere
GSE317876,A multi-stage transcriptomic resource of Artemisitene (ATT) for enhancing liver organoid functionality and treating metabolic liver disease.,Homo sapiens 21/21,21,liver-pattern source 0/21,RNA-Seq 21/21,PASS,INFO,"disease term found only in series-level text, not corroborated by sample metadata",processed series-level file: GSE317876_FFA_rawcounts.xls.gz,MANUAL_REVIEW,source_tissue: liver-pattern source 0/21
GSE319709,Single-cell transcriptomics reveals etiology-specific T-cell heterogeneity in hepatocellular carcinoma and implicates regulatory,Homo sapiens 18/18,18,liver-pattern source 10/18,RNA-Seq 18/18,FAIL,PASS,"disease term found only in series-level text, not corroborated by sample metadata","processed per-sample counts (18/18), packaged in GSE319709_RAW.tar",REJECT,"single_cell_or_spatial: cell-resolved assay; not bulk transcriptomics (cell-resolved signal in sample metadata: Seurat, barcodes.tsv, features.tsv, matrix.mtx (18 sample(s)))"
GSE318806,P21+TREM2+-Senescent Macrophages Fuel Inflammaging and Metabolic Dysfunction-Associated Steatotic Liver Disease. [Blood],Homo sapiens 9/9,9,liver-pattern source 0/9,RNA-Seq 9/9,WARN,WARN,"disease term found only in series-level text, not corroborated by sample metadata",processed series-level file: GSE318806_human_counts-gene.xls.gz,MANUAL_REVIEW,sample_count: 9 samples (below 20)
GSE274898,TGF-beta mediated hepatic stellate cells activation is dampened in the absence of EPHB2 in vitro.,Homo sapiens 6/6,6,liver-pattern source 6/6,RNA-Seq 6/6,PASS,WARN,"disease term found only in series-level text, not corroborated by sample metadata",processed series-level file: GSE274898_20073R_counts.txt.gz,MANUAL_REVIEW,sample_count: 6 samples (below 20)
GSE289433,Transcription factor REST regulates activation and growth of human Hepatic Stellate Cells,Homo sapiens 8/8,8,liver-pattern source 8/8,RNA-Seq 8/8,PASS,WARN,"disease term found only in series-level text, not corroborated by sample metadata","processed per-sample counts (8/8), packaged in GSE289433_RAW.tar",MANUAL_REVIEW,sample_count: 8 samples (below 20)
GSE303090,Mature Polarized Hepatocyte Organoids Derived from Human Embryonic Stem Cells for Modeling the Pathogenesis and Progression of Metabolic Dysfunction-Associated Steatotic Liver Disease and Therapeutic Drug Screening,Homo sapiens 12/12,12,liver-pattern source 12/12,RNA-Seq 12/12,PASS,WARN,"disease term found only in series-level text, not corroborated by sample metadata",processed series-level file: GSE303090_Day10_counts_matrix.txt.gz,MANUAL_REVIEW,sample_count: 12 samples (below 20)
GSE313774,A Microphysiological Model of Human MASLD Reveals Paradoxical Response to Resmetirom,Homo sapiens 33/33,33,liver-pattern source 33/33,RNA-Seq 33/33,PASS,WARN,"disease term found only in series-level text, not corroborated by sample metadata",processed series-level file: GSE313774_RNA05000001_tpm.txt.gz,MANUAL_REVIEW,metadata_completeness: no disease/diagnosis/group/stage-type canonical field reported anywhere
GSE312066,A genetically encoded bifunctional enzyme that mitigates redox imbalance and lipotoxicity via engineered Gro3P-Glycerol shunt,Homo sapiens 8/8,8,liver-pattern source 0/8,RNA-Seq 8/8,PASS,WARN,"disease term found only in series-level text, not corroborated by sample metadata","processed per-sample counts (8/8), packaged in GSE312066_RAW.tar",MANUAL_REVIEW,sample_count: 8 samples (below 20)
GSE260956,Hepatic GPNMB aggravates NASH through binding to RYK [RNA-Seq],"mixed organisms: Homo sapiens 4/8, Mus musculus 4/8",8,liver-pattern source 8/8,RNA-Seq 8/8,PASS,WARN,"disease term found only in series-level text, not corroborated by sample metadata","raw sequencing only (https://www.ncbi.nlm.nih.gov/sra?term=SRX23849565, https://www.ncbi.nlm.nih.gov/sra?term=SRX23849566, https://www.ncbi.nlm.nih.gov/sra?term=SRX23849567, https://www.ncbi.nlm.nih.gov/sra?term=SRX23849568, https://www.ncbi.nlm.nih.gov/sra?term=SRX23849569, and 3 more (see sample_metadata.csv))",MANUAL_REVIEW,sample_count: 8 samples (below 20)
GSE309786,PNPLA3-I148M genetic variant rewires lipid metabolism to drive programmed cell death in human hepatocytes,Homo sapiens 8/8,8,liver-pattern source 8/8,RNA-Seq 8/8,FAIL,INFO,"disease term found only in series-level text, not corroborated by sample metadata",processed series-level file: GSE309786_Normalized_Counts_All_Samples.csv.gz,REJECT,single_cell_or_spatial: cell-resolved assay; not bulk transcriptomics (cell-resolved signal in sample metadata: SMART-Seq (8 sample(s)))
GSE307420,Inhibition of Acetyl-CoA metabolic enzymes by EVT0185 impairs hepatic stellate cell activation and reverses MASH and fibrosis in mouse models.,Homo sapiens 12/12,12,liver-pattern source 12/12,RNA-Seq 12/12,WARN,WARN,"disease term found only in series-level text, not corroborated by sample metadata",processed series-level file: GSE307420_LX2_featurecounts.txt.gz,MANUAL_REVIEW,sample_count: 12 samples (below 20)
GSE299888,Liver-specific LXR inverse agonist restores lipid homeostasis in animal models and humans,Homo sapiens 12/12,12,liver-pattern source 12/12,RNA-Seq 12/12,PASS,WARN,"disease term found only in series-level text, not corroborated by sample metadata","raw sequencing only (https://www.ncbi.nlm.nih.gov/sra?term=SRX29191293, https://www.ncbi.nlm.nih.gov/sra?term=SRX29191294, https://www.ncbi.nlm.nih.gov/sra?term=SRX29191295, https://www.ncbi.nlm.nih.gov/sra?term=SRX29191296, https://www.ncbi.nlm.nih.gov/sra?term=SRX29191297, and 7 more (see sample_metadata.csv))",MANUAL_REVIEW,sample_count: 12 samples (below 20)
GSE308064,PAD4⁺ Neutrophils Promote Hepatic Stellate Cell Activation and Accelerate MASH Fibrosis Progression via NETs-DNA/TAOK1/MAPK Pathways,Homo sapiens 6/6,6,liver-pattern source 6/6,RNA-Seq 6/6,PASS,WARN,"disease term found only in series-level text, not corroborated by sample metadata","raw sequencing only (https://www.ncbi.nlm.nih.gov/sra?term=SRX23505873, https://www.ncbi.nlm.nih.gov/sra?term=SRX23505874, https://www.ncbi.nlm.nih.gov/sra?term=SRX23505875, https://www.ncbi.nlm.nih.gov/sra?term=SRX23505876, https://www.ncbi.nlm.nih.gov/sra?term=SRX23505877, and 1 more (see sample_metadata.csv))",MANUAL_REVIEW,sample_count: 6 samples (below 20)
GSE307517,ClinASO: a guideline for rapid drug discovery of gapmer antisense oligonucleotidess,"mixed organisms: Homo sapiens 6/12, Mus musculus 6/12",12,liver-pattern source 6/12,RNA-Seq 12/12,PASS,WARN,"disease term found only in series-level text, not corroborated by sample metadata","raw sequencing only (https://www.ncbi.nlm.nih.gov/sra?term=SRX30408912, https://www.ncbi.nlm.nih.gov/sra?term=SRX30408913, https://www.ncbi.nlm.nih.gov/sra?term=SRX30408914, https://www.ncbi.nlm.nih.gov/sra?term=SRX30408915, https://www.ncbi.nlm.nih.gov/sra?term=SRX30408916, and 7 more (see sample_metadata.csv))",MANUAL_REVIEW,sample_count: 12 samples (below 20)
GSE306957,Mitochondrial RNA cytosolic leakage drives the SASP [CRISPR/Cas9],"mixed organisms: Homo sapiens 27/34, Mus musculus 7/34",34,liver-pattern source 7/34,RNA-Seq 34/34,FAIL,WARN,"disease term found only in series-level text, not corroborated by sample metadata","processed per-sample counts (34/34), packaged in GSE306957_RAW.tar",REJECT,single_cell_or_spatial: cell-resolved assay; not bulk transcriptomics (cell-resolved signal in sample metadata: 10X (34 sample(s)))
GSE279712,Unraveling and enhancing the dynamics of hepatic bile acid and cholesterol metabolism during ex vivo normothermic machine perfusion; a path to improved liver function through conjugated bile acid infusion,"mixed organisms: Homo sapiens 12/22, Sus scrofa domesticus 10/22",22,liver-pattern source 22/22,RNA-Seq 22/22,PASS,PASS,disease/fibrosis terms found in sample metadata (2 sample(s)),"processed per-sample counts (22/22), packaged in GSE279712_RAW.tar",MANUAL_REVIEW,"organism_consistency: mixed organisms: Homo sapiens 12/22, Sus scrofa domesticus 10/22"
GSE275942,Estrogen Receptor 1 Signaling in Hepatic Stellate Cells Designates Resistance to Liver Fibrosis,"mixed organisms: Homo sapiens 2/11, Mus musculus 9/11",11,liver-pattern source 11/11,"mixed strategies: ChIP-Seq 1/11, RNA-Seq 10/11",PASS,WARN,"disease term found only in series-level text, not corroborated by sample metadata",processed series-level file: GSE275942_mHSC_female_estradiol_treatment_gene_expression.txt.gz,MANUAL_REVIEW,sample_count: 11 samples (below 20)
GSE278593,IGFBP-7 transforms hepatic stellate cells into an HCC-promoting phenotype in MASLD.,Homo sapiens 6/6,6,liver-pattern source 6/6,RNA-Seq 6/6,PASS,WARN,"disease term found only in series-level text, not corroborated by sample metadata","raw sequencing only (https://www.ncbi.nlm.nih.gov/sra?term=SRX26259537, https://www.ncbi.nlm.nih.gov/sra?term=SRX26259538, https://www.ncbi.nlm.nih.gov/sra?term=SRX26259539, https://www.ncbi.nlm.nih.gov/sra?term=SRX26259540, https://www.ncbi.nlm.nih.gov/sra?term=SRX26259541, and 1 more (see sample_metadata.csv))",MANUAL_REVIEW,sample_count: 6 samples (below 20)
GSE268360,Reduced ZMPSTE24 expression leads to prelamin accumulation and development of steatosis in MAFLD patients [RNA-seq],Homo sapiens 18/18,18,liver-pattern source 18/18,RNA-Seq 18/18,PASS,PASS,"disease term found only in series-level text, not corroborated by sample metadata","raw sequencing only (https://www.ncbi.nlm.nih.gov/sra?term=SRX24702874, https://www.ncbi.nlm.nih.gov/sra?term=SRX24702875, https://www.ncbi.nlm.nih.gov/sra?term=SRX24702876, https://www.ncbi.nlm.nih.gov/sra?term=SRX24702877, https://www.ncbi.nlm.nih.gov/sra?term=SRX24702878, and 13 more (see sample_metadata.csv))",MANUAL_REVIEW,sample_count: 18 samples (below 20)
GSE293003,Hepatocyte FoxO1 depletion exacerbates hepatic inflammation in MASH,Homo sapiens 6/6,6,liver-pattern source 6/6,RNA-Seq 6/6,PASS,WARN,"disease term found only in series-level text, not corroborated by sample metadata","raw sequencing only (https://www.ncbi.nlm.nih.gov/sra?term=SRX28143691, https://www.ncbi.nlm.nih.gov/sra?term=SRX28143692, https://www.ncbi.nlm.nih.gov/sra?term=SRX28143693, https://www.ncbi.nlm.nih.gov/sra?term=SRX28143694, https://www.ncbi.nlm.nih.gov/sra?term=SRX28143695, and 1 more (see sample_metadata.csv))",MANUAL_REVIEW,sample_count: 6 samples (below 20)
GSE292999,Peroxisome Proliferator-activated Receptor Agonist IVA337 Alleviates Inflammation,Homo sapiens 14/14,14,liver-pattern source 14/14,RNA-Seq 14/14,PASS,WARN,disease/fibrosis terms found in sample metadata (10 sample(s)),"raw sequencing only (https://www.ncbi.nlm.nih.gov/sra?term=SRX28151104, https://www.ncbi.nlm.nih.gov/sra?term=SRX28151105, https://www.ncbi.nlm.nih.gov/sra?term=SRX28151106, https://www.ncbi.nlm.nih.gov/sra?term=SRX28151107, https://www.ncbi.nlm.nih.gov/sra?term=SRX28151108, and 9 more (see sample_metadata.csv))",MANUAL_REVIEW,sample_count: 14 samples (below 20)
GSE292002,Endoplasmic reticulum stress sensor protein PERK in hepatic stellate cells promotes the progression of hepatocellular carcinoma via p38δ MAPK/IL-1β axis,Homo sapiens 6/6,6,liver-pattern source 0/6,RNA-Seq 6/6,PASS,WARN,"disease term found only in series-level text, not corroborated by sample metadata","raw sequencing only (https://www.ncbi.nlm.nih.gov/sra?term=SRX28002653, https://www.ncbi.nlm.nih.gov/sra?term=SRX28002654, https://www.ncbi.nlm.nih.gov/sra?term=SRX28002655, https://www.ncbi.nlm.nih.gov/sra?term=SRX28002656, https://www.ncbi.nlm.nih.gov/sra?term=SRX28002657, and 1 more (see sample_metadata.csv))",MANUAL_REVIEW,sample_count: 6 samples (below 20)
GSE205179,"3D bioprinting of human liver models with biliary branching morphogenesis for hepatotoxicity, regeneration and NASH",Homo sapiens 12/12,12,liver-pattern source 12/12,RNA-Seq 12/12,PASS,WARN,"disease term found only in series-level text, not corroborated by sample metadata",processed series-level file: GSE205179_gene_fpkm.txt.gz,MANUAL_REVIEW,sample_count: 12 samples (below 20)
GSE267195,Single-cell landscape of peripheral immune cells in MAFLD/MASH,Homo sapiens 68/68,68,liver-pattern source 18/68,RNA-Seq 68/68,FAIL,PASS,disease/fibrosis terms found in sample metadata (48 sample(s)),"raw sequencing only (https://www.ncbi.nlm.nih.gov/sra?term=SRX24499405, https://www.ncbi.nlm.nih.gov/sra?term=SRX24499406, https://www.ncbi.nlm.nih.gov/sra?term=SRX24499407, https://www.ncbi.nlm.nih.gov/sra?term=SRX24499408, https://www.ncbi.nlm.nih.gov/sra?term=SRX24499409, and 63 more (see sample_metadata.csv))",REJECT,"single_cell_or_spatial: cell-resolved assay; not bulk transcriptomics (cell-resolved signal in sample metadata: Chromium, cellranger, scRNA, scanpy (15 sample(s)))"
GSE267033,Single-cell landscape of peripheral immune cells in MAFLD/MASH [scRNA-seq],Homo sapiens 15/15,15,liver-pattern source 0/15,RNA-Seq 15/15,FAIL,PASS,disease/fibrosis terms found in sample metadata (9 sample(s)),processed series-level file: GSE267033_counts_RNAseq_sc_WBC.txt.gz,REJECT,"single_cell_or_spatial: cell-resolved assay; not bulk transcriptomics (cell-resolved signal in sample metadata: Chromium, cellranger, scRNA, scanpy (15 sample(s)))"
GSE267032,Bulk White Blood Cells in MAFLD/MASH,Homo sapiens 35/35,35,liver-pattern source 0/35,RNA-Seq 35/35,WARN,PASS,disease/fibrosis terms found in sample metadata (21 sample(s)),processed series-level file: GSE267032_counts_RNASeq_WBC_bulk.txt.gz,MANUAL_REVIEW,source_tissue: liver-pattern source 0/35
GSE267031,Bulk Liver in MAFLD/MASH,Homo sapiens 18/18,18,liver-pattern source 18/18,RNA-Seq 18/18,WARN,PASS,disease/fibrosis terms found in sample metadata (18 sample(s)),processed series-level file: GSE267031_counts_RNAseq_Liver.txt.gz,MANUAL_REVIEW,sample_count: 18 samples (below 20)
GSE295362,Hepatocyte-derived Pumilio1-enriched exosomes inhibit HSC activation by suppressing tropomyosin-4 translation,Homo sapiens 6/6,6,liver-pattern source 6/6,RNA-Seq 6/6,PASS,WARN,"disease term found only in series-level text, not corroborated by sample metadata",processed series-level file: GSE295362_All_gene_expression_TPM.txt.gz,MANUAL_REVIEW,sample_count: 6 samples (below 20)
GSE293127,Activation of the Imprinted Gene Network is a conserved signature of MASLD induced by the early life environment,Homo sapiens 28/28,28,liver-pattern source 28/28,RNA-Seq 28/28,PASS,WARN,"disease term found only in series-level text, not corroborated by sample metadata",processed series-level file: GSE293127_All_counts.csv.gz,MANUAL_REVIEW,metadata_completeness: no disease/diagnosis/group/stage-type canonical field reported anywhere
GSE266460,Protein tyrosine phosphatase delta is a STAT3-phosphatase and suppressor of metabolic liver disease (HepaRG cells).,Homo sapiens 6/6,6,liver-pattern source 6/6,RNA-Seq 6/6,PASS,WARN,"disease term found only in series-level text, not corroborated by sample metadata","raw sequencing only (https://www.ncbi.nlm.nih.gov/sra?term=SRX24437046, https://www.ncbi.nlm.nih.gov/sra?term=SRX24437047, https://www.ncbi.nlm.nih.gov/sra?term=SRX24437048, https://www.ncbi.nlm.nih.gov/sra?term=SRX24437049, https://www.ncbi.nlm.nih.gov/sra?term=SRX24437050, and 1 more (see sample_metadata.csv))",MANUAL_REVIEW,sample_count: 6 samples (below 20)
GSE256398,Hepatic stellate cells control liver zonation and function via R-spondin 3,"mixed organisms: Homo sapiens 26/30, Mus musculus 4/30",30,liver-pattern source 30/30,RNA-Seq 30/30,FAIL,PASS,disease/fibrosis terms found in sample metadata (11 sample(s)),"processed per-sample counts (30/30), packaged in GSE256398_RAW.tar",REJECT,"single_cell_or_spatial: cell-resolved assay; not bulk transcriptomics (cell-resolved signal in sample metadata: 10x, Cellranger, Chromium (30 sample(s)))"
GSE267145,The transcription factor ZNF469 regulates collagen production in liver fibrosis,"mixed organisms: Homo sapiens 448/508, Mus musculus 60/508",508,liver-pattern source 432/508,"mixed strategies: Hi-C 2/508, OTHER 120/508, RNA-Seq 386/508",PASS,WARN,disease/fibrosis terms found in sample metadata (99 sample(s)),"raw sequencing only (https://www.ncbi.nlm.nih.gov/sra?term=SRX24462696, https://www.ncbi.nlm.nih.gov/sra?term=SRX24462697, https://www.ncbi.nlm.nih.gov/sra?term=SRX24488324, https://www.ncbi.nlm.nih.gov/sra?term=SRX24488325, https://www.ncbi.nlm.nih.gov/sra?term=SRX24488326, and 503 more (see sample_metadata.csv))",MANUAL_REVIEW,"organism_consistency: mixed organisms: Homo sapiens 448/508, Mus musculus 60/508"
GSE288534,Targeting Senescent Hepatocytes for Treatment of Metabolic Dysfunction-associated Steatotic Liver Disease and Multi-organ Dysfunction,"mixed organisms: Homo sapiens 14/24, Mus musculus 10/24",24,liver-pattern source 24/24,RNA-Seq 24/24,WARN,WARN,"disease term found only in series-level text, not corroborated by sample metadata","processed per-sample counts (18/24), packaged in GSE288534_RAW.tar",MANUAL_REVIEW,"organism_consistency: mixed organisms: Homo sapiens 14/24, Mus musculus 10/24"
GSE289173,Single-cell eQTL analysis identifies genetic variation underlying metabolic dysfunction-associated steatohepatitis,Homo sapiens 48/48,48,liver-pattern source 48/48,RNA-Seq 48/48,FAIL,PASS,disease/fibrosis terms found in sample metadata (19 sample(s)),"processed per-sample counts (48/48), packaged in GSE289173_RAW.tar",REJECT,"single_cell_or_spatial: cell-resolved assay; not bulk transcriptomics (cell-resolved signal in sample metadata: 10x, Cellranger, barcodes.tsv, features.tsv, matrix.mtx, snRNA (48 sample(s)))"
GSE282660,Salsalate improves the anti-tumor efficacy of Lenvatinib in MASH-driven hepatocellular carcinoma.,"mixed organisms: Homo sapiens 12/36, Mus musculus 24/36",36,liver-pattern source 24/36,RNA-Seq 36/36,PASS,WARN,"disease term found only in series-level text, not corroborated by sample metadata",processed series-level file: GSE282660_cells_VST_normalized_counts.txt.gz,MANUAL_REVIEW,"organism_consistency: mixed organisms: Homo sapiens 12/36, Mus musculus 24/36"
GSE270488,Antigen-driven CD8+ T cell clonal expansion is a prominent feature of MASH in humans and mice [human],Homo sapiens 18/18,18,liver-pattern source 16/18; off-target tissue signal detected,"mixed strategies: OTHER 9/18, RNA-Seq 9/18",FAIL,PASS,disease/fibrosis terms found in sample metadata (6 sample(s)),processed series-level file: GSE270488_human_normalized_rna_matrix.mtx.gz,REJECT,"single_cell_or_spatial: cell-resolved assay; not bulk transcriptomics (cell-resolved signal in sample metadata: Cellranger, Chromium, Seurat, barcodes.tsv, features.tsv, matrix.mtx (19 sample(s)))"
GSE276114,Integrative proteo-transcriptomic characterization of advanced fibrosis in chronic liver disease across etiologies,Homo sapiens 177/177,177,liver-pattern source 177/177,RNA-Seq 177/177,PASS,PASS,disease/fibrosis terms found in sample metadata (81 sample(s)),"raw sequencing only (https://www.ncbi.nlm.nih.gov/sra?term=SRX25923107, https://www.ncbi.nlm.nih.gov/sra?term=SRX25923108, https://www.ncbi.nlm.nih.gov/sra?term=SRX25923109, https://www.ncbi.nlm.nih.gov/sra?term=SRX25923110, https://www.ncbi.nlm.nih.gov/sra?term=SRX25923111, and 172 more (see sample_metadata.csv))",CANDIDATE,
GSE205881,"RNA Sequencing Facilitates Quantitative Analysis of Humanized Normal Livers, NASH Livers, and HCC Transcriptomes",Homo sapiens | Mus musculus 66/66,66,liver-pattern source 36/66,RNA-Seq 66/66,PASS,PASS,disease/fibrosis terms found in sample metadata (24 sample(s)),"raw sequencing only (https://www.ncbi.nlm.nih.gov/sra?term=SRX15675771, https://www.ncbi.nlm.nih.gov/sra?term=SRX15675772, https://www.ncbi.nlm.nih.gov/sra?term=SRX15675773, https://www.ncbi.nlm.nih.gov/sra?term=SRX15675774, https://www.ncbi.nlm.nih.gov/sra?term=SRX15675775, and 61 more (see sample_metadata.csv))",MANUAL_REVIEW,source_tissue: liver-pattern source 36/66
GSE238060,HSD17B13 liquid-liquid phase separation activates autocrine platelet-activating factor signaling in NASH,"mixed organisms: Homo sapiens 6/12, Mus musculus 6/12",12,liver-pattern source 12/12,RNA-Seq 12/12,PASS,WARN,"disease term found only in series-level text, not corroborated by sample metadata",processed series-level file: GSE238060_AAV_KO_FPKM.txt.gz,MANUAL_REVIEW,sample_count: 12 samples (below 20)
GSE268518,Duodenal-derived organoids from MASH patients exhibit altered digestive homeostasis.,Homo sapiens 39/39,39,liver-pattern source 25/39,RNA-Seq 39/39,PASS,WARN,disease/fibrosis terms found in sample metadata (20 sample(s)),processed series-level file: GSE268518_CP20M_Biopsies_CTRL_and_MASH_excel_file_complete_expression_profile_14052024.txt.gz,MANUAL_REVIEW,source_tissue: liver-pattern source 25/39
GSE280378,Induction of MASH in Three-Dimensional Bioprinted Human Liver Tissue,Homo sapiens 22/22,22,liver-pattern source 22/22,no expression-profiling strategy found (ssRNA-seq),PASS,INFO,disease/fibrosis terms found in sample metadata (12 sample(s)),processed series-level file: GSE280378_20240206115043_raw_pc_genes_counts.csv.gz,REJECT,library_strategy: no expression-profiling samples (no expression-profiling strategy found (ssRNA-seq))
GSE244832,Multi-Modal Comparison of human Hepatic Stellate Cells identifies novel therapeutic targets for Metabolic Dysfunction-Associated Steatotic Liver Disease,Homo sapiens 36/36,36,liver-pattern source 36/36,"mixed strategies: ATAC-seq 18/36, RNA-Seq 18/36",FAIL,INFO,"disease term found only in series-level text, not corroborated by sample metadata","raw sequencing only (https://www.ncbi.nlm.nih.gov/sra?term=SRX22021595, https://www.ncbi.nlm.nih.gov/sra?term=SRX22021596, https://www.ncbi.nlm.nih.gov/sra?term=SRX22021597, https://www.ncbi.nlm.nih.gov/sra?term=SRX22021598, https://www.ncbi.nlm.nih.gov/sra?term=SRX22021599, and 31 more (see sample_metadata.csv))",REJECT,"single_cell_or_spatial: cell-resolved assay; not bulk transcriptomics (cell-resolved signal in sample metadata: Nuclei were isolat, cellranger, single nucleus, snRNA (36 sample(s)))"
GSE274114,Metabolic dysfunction-associated steatohepatitis reduces interferon and macrophage liver gene signatures in chronic HBV patients,Homo sapiens 39/39,39,liver-pattern source 39/39,RNA-Seq 39/39,PASS,PASS,disease/fibrosis terms found in sample metadata (19 sample(s)),"processed per-sample counts (39/39), packaged in GSE274114_RAW.tar",MANUAL_REVIEW,"instrument_model: mixed instruments: Illumina HiSeq 4000 20/39, Illumina NovaSeq 6000 19/39"
GSE249997,Liver dysfunction in obesity is associated with cerebrovascular health independently of diabetes and hypertension.,Homo sapiens 77/77,77,liver-pattern source 77/77,RNA-Seq 77/77,PASS,PASS,disease/fibrosis terms found in sample metadata (77 sample(s)),"processed per-sample counts (77/77), packaged in GSE249997_RAW.tar",MANUAL_REVIEW,metadata_completeness: no disease/diagnosis/group/stage-type canonical field reported anywhere
GSE253380,"ACMSD inhibition corrects fibrosis, inflammation, and DNA damage in MASLD/MASH","mixed organisms: Homo sapiens 24/48, Mus musculus 24/48",48,liver-pattern source 48/48,RNA-Seq 48/48,PASS,WARN,"disease term found only in series-level text, not corroborated by sample metadata",processed series-level file: GSE253380_mPH_HLO_tmm_normalized_counts.xlsx,MANUAL_REVIEW,"organism_consistency: mixed organisms: Homo sapiens 24/48, Mus musculus 24/48"
GSE247407,Induction ofsteatosis in primary human hepatocytes manifests into hepatic pathophysiology of metabolic dysfunction-associated liver disease,Homo sapiens 30/30,30,liver-pattern source 30/30,RNA-Seq 30/30,PASS,INFO,"disease term found only in series-level text, not corroborated by sample metadata",processed series-level file: GSE247407_gene_fpkm.txt.gz,MANUAL_REVIEW,metadata_completeness: no disease/diagnosis/group/stage-type canonical field reported anywhere
GSE273561,Aldehydes alter TGF-β signaling and induce obesity and cancer,"mixed organisms: Homo sapiens 9/27, Mus musculus 18/27",27,liver-pattern source 27/27,RNA-Seq 27/27,FAIL,PASS,"disease term found only in series-level text, not corroborated by sample metadata","processed per-sample counts (4/27), packaged in GSE273561_RAW.tar",REJECT,"single_cell_or_spatial: cell-resolved assay; not bulk transcriptomics (cell-resolved signal in sample metadata: filtered_feature_bc_matrix, snRNA (13 sample(s)))"
GSE253493,RNA-Seq experiment of primary hepatic stellate cells (HSCs) and LX-2 cell line treated with TGFb,Homo sapiens 12/12,12,liver-pattern source 6/12,RNA-Seq 12/12,PASS,WARN,"disease term found only in series-level text, not corroborated by sample metadata","raw sequencing only (https://www.ncbi.nlm.nih.gov/sra?term=SRX23265334, https://www.ncbi.nlm.nih.gov/sra?term=SRX23265335, https://www.ncbi.nlm.nih.gov/sra?term=SRX23265336, https://www.ncbi.nlm.nih.gov/sra?term=SRX23265337, https://www.ncbi.nlm.nih.gov/sra?term=SRX23265338, and 7 more (see sample_metadata.csv))",MANUAL_REVIEW,sample_count: 12 samples (below 20)
GSE234415,A new Nuclear-erythroid-2-Related Factor 2 activator for the treatment of human metabolic associated fatty liver disease,Homo sapiens 36/36,36,liver-pattern source 36/36,RNA-Seq 36/36,PASS,PASS,disease/fibrosis terms found in sample metadata (36 sample(s)),processed series-level file: GSE234415_normalized_counts.txt.gz,STRONG_CANDIDATE,
GSE247467,"Transcriptomic characterization of circulating neutrophils isolated from patients with metabolic dysfunction-associated steatohepatitis (MASH), formerly known as nonalcoholic steatohepatitis (NASH).",Homo sapiens 12/12,12,liver-pattern source 0/12,RNA-Seq 12/12,PASS,PASS,disease/fibrosis terms found in sample metadata (8 sample(s)),"processed per-sample counts (12/12), packaged in GSE247467_RAW.tar",MANUAL_REVIEW,sample_count: 12 samples (below 20)
GSE228087,Monocyte-derived Macrophages,Homo sapiens 16/16,16,liver-pattern source 0/16; off-target tissue signal detected,RNA-Seq 16/16,PASS,INFO,"disease term found only in series-level text, not corroborated by sample metadata",processed series-level file: GSE228087_MoMF_counts.csv.gz,MANUAL_REVIEW,sample_count: 16 samples (below 20)
GSE228086,Hepatic Stellate Cell Activation after 72hr,Homo sapiens 12/12,12,liver-pattern source 12/12,RNA-Seq 12/12,PASS,INFO,"disease term found only in series-level text, not corroborated by sample metadata",processed series-level file: GSE228086_HSC_counts.csv.gz,MANUAL_REVIEW,sample_count: 12 samples (below 20)
GSE174543,Genome-wide RNAseq of liver tissue derived from humanized mice fed by CDA-HFD and treated with CLDN1 mAb or vehicle Control,Homo sapiens | Mus musculus 10/10,10,liver-pattern source 10/10,RNA-Seq 10/10,PASS,PASS,"disease term found only in series-level text, not corroborated by sample metadata",processed series-level file: GSE174543_DESeq2-normalized_counts.tsv.gz,MANUAL_REVIEW,sample_count: 10 samples (below 20)
GSE245977,The effect of anti-Gremlin-1 treatment on human cirrhotic precision-cut liver slices,Homo sapiens 12/12,12,liver-pattern source 12/12,RNA-Seq 12/12,PASS,PASS,"disease term found only in series-level text, not corroborated by sample metadata","processed per-sample counts (12/12), packaged in GSE245977_RAW.tar",MANUAL_REVIEW,sample_count: 12 samples (below 20)
GSE241526,Mitochondrial GpC and CpG DNA hypermethylation cause metabolic stress induced mitophagy and cholestophagy [RNA-seq],Homo sapiens 23/23,23,liver-pattern source 23/23,RNA-Seq 23/23,PASS,WARN,"disease term found only in series-level text, not corroborated by sample metadata",processed series-level file: GSE241526_table_input_gene_counts.txt.gz,MANUAL_REVIEW,metadata_completeness: no disease/diagnosis/group/stage-type canonical field reported anywhere
GSE241474,A genetically engineered mouse model (GEMM) of NUT carcinoma (RNA-Seq),"mixed organisms: Homo sapiens 1/21, Mus musculus 20/21",21,liver-pattern source 0/21,RNA-Seq 21/21,PASS,WARN,no NAFLD-spectrum term found in series or sample metadata,"raw sequencing only (https://www.ncbi.nlm.nih.gov/sra?term=SRX21455953, https://www.ncbi.nlm.nih.gov/sra?term=SRX21455954, https://www.ncbi.nlm.nih.gov/sra?term=SRX21455955, https://www.ncbi.nlm.nih.gov/sra?term=SRX21455956, https://www.ncbi.nlm.nih.gov/sra?term=SRX21455957, and 16 more (see sample_metadata.csv))",REJECT,disease_relevance: no NAFLD-spectrum term in series or sample metadata (no NAFLD-spectrum term found in series or sample metadata)
GSE239422,A functional interaction between hepatic Estrogen Receptor-a and PNPLA3 p.I148M variant drives fatty liver diseases susceptibility in women,Homo sapiens 125/125,125,liver-pattern source 125/125,RNA-Seq 125/125,PASS,PASS,disease/fibrosis terms found in sample metadata (125 sample(s)),processed series-level file: GSE239422_Normalized_Counts.txt.gz,STRONG_CANDIDATE,
GSE208413,EXCESSIVE INFLAMMATION DRIVES POSTOPERATIVE LIVER FAILURE IN HUMANS - mRNA datasets,Homo sapiens 57/57,57,liver-pattern source 57/57,RNA-Seq 57/57,WARN,PASS,"disease term found only in series-level text, not corroborated by sample metadata",processed series-level file: GSE208413_mRNA_counts.txt.gz,MANUAL_REVIEW,metadata_completeness: no disease/diagnosis/group/stage-type canonical field reported anywhere
GSE217968,Characterization of human hepatic natural killer cells in end-stage chronic liver diseases,Homo sapiens 16/16,16,liver-pattern source 0/16,RNA-Seq 16/16,FAIL,PASS,disease/fibrosis terms found in sample metadata (4 sample(s)),"processed per-sample counts (16/16), packaged in GSE217968_RAW.tar",REJECT,"single_cell_or_spatial: cell-resolved assay; not bulk transcriptomics (cell-resolved signal in sample metadata: 10X, Cell Ranger, barcodes.tsv, features.tsv, matrix.mtx (16 sample(s)))"
GSE147304,RNA-Seq analylsis of human NASH and Normal liver tissues,Homo sapiens 10/10,10,liver-pattern source 10/10,RNA-Seq 10/10,PASS,PASS,disease/fibrosis terms found in sample metadata (10 sample(s)),processed series-level file: GSE147304_gene_expression.txt.gz,MANUAL_REVIEW,sample_count: 10 samples (below 20)
GSE189600,Hepatocytes demarcated by EphB2 contribute to the progression of non-alcoholic steatohepatitis,"mixed organisms: Homo sapiens 6/21, Mus musculus 15/21",21,liver-pattern source 21/21,"mixed strategies: ATAC-seq 5/21, RNA-Seq 16/21",FAIL,PASS,disease/fibrosis terms found in sample metadata (3 sample(s)),"processed per-sample counts (10/21), packaged in GSE189600_RAW.tar",REJECT,"single_cell_or_spatial: cell-resolved assay; not bulk transcriptomics (cell-resolved signal in sample metadata: 10X, Cellranger, Chromium, barcodes.tsv, features.tsv, matrix.mtx, nuclei were isolat, snRNA (21 sample(s)))"
GSE212837,An autocrine signaling circuit in hepatic stellate cells underlies advanced fibrosis in non-alcoholic steatohepatitis,"mixed organisms: Homo sapiens 18/20, Mus musculus 2/20",20,liver-pattern source 20/20,RNA-Seq 20/20,FAIL,PASS,disease/fibrosis terms found in sample metadata (17 sample(s)),"processed per-sample counts (20/20), packaged in GSE212837_RAW.tar",REJECT,"single_cell_or_spatial: cell-resolved assay; not bulk transcriptomics (cell-resolved signal in sample metadata: .h5ad, 10x, Cell Ranger, Chromium, barcodes.tsv, features.tsv, matrix.mtx, snRNA (21 sample(s)))"
GSE173736,Transcriptional regulation of liver lipotoxicity in non-alcoholic steatohepatitis,"mixed organisms: Homo sapiens 16/52, Mus musculus 36/52",52,liver-pattern source 52/52,"mixed strategies: ATAC-seq 14/52, RNA-Seq 38/52",PASS,PASS,disease/fibrosis terms found in sample metadata (8 sample(s)),"raw sequencing only (https://www.ncbi.nlm.nih.gov/sra?term=SRX10756533, https://www.ncbi.nlm.nih.gov/sra?term=SRX10756534, https://www.ncbi.nlm.nih.gov/sra?term=SRX10756535, https://www.ncbi.nlm.nih.gov/sra?term=SRX10756536, https://www.ncbi.nlm.nih.gov/sra?term=SRX10756537, and 47 more (see sample_metadata.csv))",MANUAL_REVIEW,"organism_consistency: mixed organisms: Homo sapiens 16/52, Mus musculus 36/52"
GSE173735,Transcriptional regulation of liver lipotoxicity in non-alcoholic steatohepatitis [RNA-seq],"mixed organisms: Homo sapiens 8/38, Mus musculus 30/38",38,liver-pattern source 38/38,RNA-Seq 38/38,PASS,PASS,disease/fibrosis terms found in sample metadata (4 sample(s)),"raw sequencing only (https://www.ncbi.nlm.nih.gov/sra?term=SRX10756533, https://www.ncbi.nlm.nih.gov/sra?term=SRX10756534, https://www.ncbi.nlm.nih.gov/sra?term=SRX10756535, https://www.ncbi.nlm.nih.gov/sra?term=SRX10756536, https://www.ncbi.nlm.nih.gov/sra?term=SRX10756537, and 33 more (see sample_metadata.csv))",MANUAL_REVIEW,"organism_consistency: mixed organisms: Homo sapiens 8/38, Mus musculus 30/38"
GSE175448,Transcriptome profiles of liver biopsy tissues before and after cenicriviroc treatment in patients with non-alcoholic steatohepatitis,Homo sapiens 38/38,38,liver-pattern source 38/38,RNA-Seq 38/38,PASS,PASS,"disease term found only in series-level text, not corroborated by sample metadata","raw sequencing only (https://www.ncbi.nlm.nih.gov/sra?term=SRX10973778, https://www.ncbi.nlm.nih.gov/sra?term=SRX10973779, https://www.ncbi.nlm.nih.gov/sra?term=SRX10973780, https://www.ncbi.nlm.nih.gov/sra?term=SRX10973781, https://www.ncbi.nlm.nih.gov/sra?term=SRX10973782, and 33 more (see sample_metadata.csv))",MANUAL_REVIEW,metadata_completeness: no disease/diagnosis/group/stage-type canonical field reported anywhere
GSE179395,Butyrate protects against diet-induced liver fibrosis and suppresses non-canonical TGF-β signaling in human stellate cells,Homo sapiens 22/22,22,liver-pattern source 22/22,RNA-Seq 22/22,PASS,PASS,"disease term found only in series-level text, not corroborated by sample metadata","processed per-sample counts (22/22), packaged in GSE179395_RAW.tar",MANUAL_REVIEW,metadata_completeness: no disease/diagnosis/group/stage-type canonical field reported anywhere
GSE180882,Transcriptome characterization of organoids derived from healthy and irreversibly damaged NASH patient liver,Homo sapiens 45/45,45,liver-pattern source 45/45,RNA-Seq 45/45,PASS,WARN,disease/fibrosis terms found in sample metadata (24 sample(s)),"raw sequencing only (https://www.ncbi.nlm.nih.gov/sra?term=SRX11559697, https://www.ncbi.nlm.nih.gov/sra?term=SRX11559698, https://www.ncbi.nlm.nih.gov/sra?term=SRX11559699, https://www.ncbi.nlm.nih.gov/sra?term=SRX11559700, https://www.ncbi.nlm.nih.gov/sra?term=SRX11559701, and 40 more (see sample_metadata.csv))",MANUAL_REVIEW,material_type: cell/culture terms in sample metadata: organoid (39/45 samples)
GSE169084,A human liver cell-based system modeling a clinical prognostic liver signature combined with single-cell RNA-Seq for discovery of liver disease therapeutics,Homo sapiens 12/12,12,liver-pattern source 0/12,RNA-Seq 12/12,WARN,WARN,"disease term found only in series-level text, not corroborated by sample metadata",processed series-level file: GSE169084_Huh7dif_rawReadCounts.txt.gz,MANUAL_REVIEW,sample_count: 12 samples (below 20)
GSE173671,A human liver cell-based system modeling a clinical prognostic liver signature combined with single-cell RNA-Seq for discovery of liver disease therapeutics,Homo sapiens 2/2,2,liver-pattern source 2/2,RNA-Seq 2/2,FAIL,INFO,"disease term found only in series-level text, not corroborated by sample metadata",processed series-level file: GSE173671_gene_counts_matrix.tsv.gz,REJECT,single_cell_or_spatial: cell-resolved assay; not bulk transcriptomics (cell-resolved signal in sample metadata: scRNA (2 sample(s)))
GSE169447,XCR1+ type 1 conventional dendritic cells drive liver pathology in Non-Alcoholic Steatohepatitis.,"mixed organisms: Homo sapiens 2/122, Mus musculus 120/122",122,liver-pattern source 108/122,RNA-Seq 122/122,FAIL,PASS,disease/fibrosis terms found in sample metadata (1 sample(s)),"processed per-sample counts (2/122), packaged in GSE169447_RAW.tar",REJECT,"single_cell_or_spatial: cell-resolved assay; not bulk transcriptomics (cell-resolved signal in sample metadata: 10x, Single cell suspension, barcodes.tsv, cellranger, features.tsv, matrix.mtx (2 sample(s)))"
GSE159977,Immune-checkpoint blockade lacks anti-tumorgenicity in NASH-induced HCC,Homo sapiens 10/10,10,liver-pattern source 10/10,RNA-Seq 10/10,FAIL,PASS,disease/fibrosis terms found in sample metadata (6 sample(s)),"processed per-sample counts (10/10), packaged in GSE159977_RAW.tar",REJECT,"single_cell_or_spatial: cell-resolved assay; not bulk transcriptomics (cell-resolved signal in sample metadata: Cell Ranger, Chromium, Seurat, Single cell suspension, barcodes.tsv, features.tsv, matrix.mtx (10 sample(s)))"
GSE149298,Integrative molecular profiling of autoreactive CD4 T cells in autoimmune hepatitis,Homo sapiens 14/14,14,liver-pattern source 0/14,RNA-Seq 14/14,FAIL,INFO,"disease term found only in series-level text, not corroborated by sample metadata","raw sequencing only (https://www.ncbi.nlm.nih.gov/sra?term=SRX8171801, https://www.ncbi.nlm.nih.gov/sra?term=SRX8171802, https://www.ncbi.nlm.nih.gov/sra?term=SRX8171803, https://www.ncbi.nlm.nih.gov/sra?term=SRX8171804, https://www.ncbi.nlm.nih.gov/sra?term=SRX8171805, and 9 more (see sample_metadata.csv))",REJECT,"single_cell_or_spatial: cell-resolved assay; not bulk transcriptomics (cell-resolved signal in sample metadata: Drop-seq, scRNA (14 sample(s)))"
GSE148849,Gene Expression Analysis of the response to ACC inhibition,"mixed organisms: Homo sapiens 36/74, Mus musculus 38/74",74,liver-pattern source 74/74; off-target tissue signal detected,RNA-Seq 74/74,PASS,PASS,"disease term found only in series-level text, not corroborated by sample metadata","processed per-sample counts (74/74), packaged in GSE148849_RAW.tar",MANUAL_REVIEW,"organism_consistency: mixed organisms: Homo sapiens 36/74, Mus musculus 38/74"
GSE143319,"Inhibition of Grb14, a negative modulator of insulin signaling,  improves glucose homeostasis without causing cardiac dysfunction",Homo sapiens 50/50,50,liver-pattern source 0/50; off-target tissue signal detected,RNA-Seq 50/50,PASS,PASS,"disease term found only in series-level text, not corroborated by sample metadata",processed series-level file: GSE143319_MHOvsMUO_FPKM.xlsx,MANUAL_REVIEW,source_tissue: liver-pattern source 0/50; off-target tissue signal detected
GSE134422,HNF4α nuclear localization correlates with the clinical progression of terminal hepatic failure in humans,Homo sapiens 7/7,7,liver-pattern source 7/7,RNA-Seq 7/7,PASS,PASS,disease/fibrosis terms found in sample metadata (2 sample(s)),"raw sequencing only (https://www.ncbi.nlm.nih.gov/sra?term=SRX6456985, https://www.ncbi.nlm.nih.gov/sra?term=SRX6456986, https://www.ncbi.nlm.nih.gov/sra?term=SRX6456987, https://www.ncbi.nlm.nih.gov/sra?term=SRX6456988, https://www.ncbi.nlm.nih.gov/sra?term=SRX6456989, and 2 more (see sample_metadata.csv))",MANUAL_REVIEW,sample_count: 7 samples (below 20)
GSE126798,"Human liver organoids; a patient-derived primary model for HBV Infection, Replication and Related Hepatocellular Carcinoma",Homo sapiens 25/25,25,liver-pattern source 25/25,RNA-Seq 25/25,PASS,WARN,disease/fibrosis terms found in sample metadata (4 sample(s)),processed series-level file: GSE126798_P_vs_H_DESeq_normalized_counts.txt.gz,MANUAL_REVIEW,"metadata_completeness: patchy fields: disease 16/25. reported consistently: age, tissue; not reported anywhere: bmi, diagnosis, ethnicity, fibrosis_stage, group, nas_score, sex, stage, steatosis_grade, treatment"
GSE128940,IL-11 neutralising therapies for the treatment of nonalcoholic steatohepatitis,"mixed organisms: Homo sapiens 6/30, Mus musculus 24/30",30,liver-pattern source 30/30,RNA-Seq 30/30,PASS,INFO,"disease term found only in series-level text, not corroborated by sample metadata",processed series-level file: GSE128940_counts_human.txt.gz,MANUAL_REVIEW,"organism_consistency: mixed organisms: Homo sapiens 6/30, Mus musculus 24/30"
GSE129933,Chronic Liver Disease in Humans Causes Expansion and Differentiation of Liver Lymphatic Endothelial Cells,Homo sapiens 4/4,4,liver-pattern source 4/4,RNA-Seq 4/4,FAIL,INFO,disease/fibrosis terms found in sample metadata (1 sample(s)),processed series-level file: GSE129933_count_matrix.tsv.gz,REJECT,"single_cell_or_spatial: cell-resolved assay; not bulk transcriptomics (cell-resolved signal in sample metadata: 10x, Seurat (4 sample(s)))"
GSE99349,Gene Network Dysregulation in Dorsolateral Prefrontal Cortex Neurons of Humans with Cocaine Use Disorder,Homo sapiens 36/36,36,liver-pattern source 0/36,RNA-Seq 36/36,PASS,PASS,no NAFLD-spectrum term found in series or sample metadata,processed series-level file: GSE99349_Expression_Matrix.xlsx,REJECT,disease_relevance: no NAFLD-spectrum term in series or sample metadata (no NAFLD-spectrum term found in series or sample metadata)
GSE89063,Development of an In Vitro Human Liver System for Interrogating Non-Alcoholic Steatohepatitis,Homo sapiens 17/17,17,liver-pattern source 17/17,RNA-Seq 17/17,PASS,INFO,disease/fibrosis terms found in sample metadata (8 sample(s)),processed series-level file: GSE89063_gene_counts.tsv.gz,MANUAL_REVIEW,sample_count: 17 samples (below 20)
