gsm,canon__sex,canon__stage,canon__steatosis_grade,canon__tissue,canon__treatment,instrument_model,library_selection,library_source,library_strategy,molecule,organism,platform_id,raw__Sex,raw__Stage,raw__balloning,raw__cell line,raw__cell type,raw__chip antibody,raw__fibrosis nas_tidy,raw__genotype,raw__lobular inflammation,raw__lobular necrosis,raw__steatosis,raw__tissue,raw__treatment,sample_type,source_name,sra_relation,supplementary_files,title
GSM8253036,,,,liver,resting,Illumina NovaSeq 6000,other,genomic,Hi-C,genomic DNA,Homo sapiens,GPL24676,,,,HSC,primary human hepatic cell,,,n/a,,,,liver,resting,SRA,liver,https://www.ncbi.nlm.nih.gov/sra?term=SRX24462696,,HSC_capturemicroc_Rep1
GSM8253037,,,,liver,resting,Illumina NovaSeq 6000,other,genomic,Hi-C,genomic DNA,Homo sapiens,GPL24676,,,,HSC,primary human hepatic cell,,,n/a,,,,liver,resting,SRA,liver,https://www.ncbi.nlm.nih.gov/sra?term=SRX24462697,,HSC_capturemicroc_Rep2
GSM8257189,,,,,,Illumina NovaSeq 6000,cDNA,transcriptomic,RNA-Seq,polyA RNA,Homo sapiens,GPL24676,,,,HSC,,,,,,,,,,SRA,HSC,https://www.ncbi.nlm.nih.gov/sra?term=SRX24488324,,HSC001_hNTO_12day_R1
GSM8257190,,,,,,Illumina NovaSeq 6000,cDNA,transcriptomic,RNA-Seq,polyA RNA,Homo sapiens,GPL24676,,,,HSC,,,,,,,,,,SRA,HSC,https://www.ncbi.nlm.nih.gov/sra?term=SRX24488325,,HSC001_hNTO_12day_R2
GSM8257191,,,,,,Illumina NovaSeq 6000,cDNA,transcriptomic,RNA-Seq,polyA RNA,Homo sapiens,GPL24676,,,,HSC,,,,,,,,,,SRA,HSC,https://www.ncbi.nlm.nih.gov/sra?term=SRX24488326,,HSC001_hNTO_12day_R3
GSM8257192,,,,,,Illumina NovaSeq 6000,cDNA,transcriptomic,RNA-Seq,polyA RNA,Homo sapiens,GPL24676,,,,HSC,,,,,,,,,,SRA,HSC,https://www.ncbi.nlm.nih.gov/sra?term=SRX24488327,,HSC001_COL1A1_12day_R1
GSM8257193,,,,,,Illumina NovaSeq 6000,cDNA,transcriptomic,RNA-Seq,polyA RNA,Homo sapiens,GPL24676,,,,HSC,,,,,,,,,,SRA,HSC,https://www.ncbi.nlm.nih.gov/sra?term=SRX24488328,,HSC001_COL1A1_12day_R2
GSM8257194,,,,,,Illumina NovaSeq 6000,cDNA,transcriptomic,RNA-Seq,polyA RNA,Homo sapiens,GPL24676,,,,HSC,,,,,,,,,,SRA,HSC,https://www.ncbi.nlm.nih.gov/sra?term=SRX24488329,,HSC001_COL1A1_12day_R3
GSM8257195,,,,,,Illumina NovaSeq 6000,cDNA,transcriptomic,RNA-Seq,polyA RNA,Homo sapiens,GPL24676,,,,HSC,,,,,,,,,,SRA,HSC,https://www.ncbi.nlm.nih.gov/sra?term=SRX24488330,,HSC001_NR3C1_12day_R1
GSM8257196,,,,,,Illumina NovaSeq 6000,cDNA,transcriptomic,RNA-Seq,polyA RNA,Homo sapiens,GPL24676,,,,HSC,,,,,,,,,,SRA,HSC,https://www.ncbi.nlm.nih.gov/sra?term=SRX24488331,,HSC001_NR3C1_12day_R2
GSM8257197,,,,,,Illumina NovaSeq 6000,cDNA,transcriptomic,RNA-Seq,polyA RNA,Homo sapiens,GPL24676,,,,HSC,,,,,,,,,,SRA,HSC,https://www.ncbi.nlm.nih.gov/sra?term=SRX24488332,,HSC001_NR3C1_12day_R3
GSM8257198,,,,,,Illumina NovaSeq 6000,cDNA,transcriptomic,RNA-Seq,polyA RNA,Homo sapiens,GPL24676,,,,HSC,,,,,,,,,,SRA,HSC,https://www.ncbi.nlm.nih.gov/sra?term=SRX24488333,,HSC001_RARG_12day_R1
GSM8257199,,,,,,Illumina NovaSeq 6000,cDNA,transcriptomic,RNA-Seq,polyA RNA,Homo sapiens,GPL24676,,,,HSC,,,,,,,,,,SRA,HSC,https://www.ncbi.nlm.nih.gov/sra?term=SRX24488334,,HSC001_RARG_12day_R2
GSM8257200,,,,,,Illumina NovaSeq 6000,cDNA,transcriptomic,RNA-Seq,polyA RNA,Homo sapiens,GPL24676,,,,HSC,,,,,,,,,,SRA,HSC,https://www.ncbi.nlm.nih.gov/sra?term=SRX24488335,,HSC001_RARG_12day_R3
GSM8257201,,,,,,Illumina NovaSeq 6000,cDNA,transcriptomic,RNA-Seq,polyA RNA,Homo sapiens,GPL24676,,,,HSC,,,,,,,,,,SRA,HSC,https://www.ncbi.nlm.nih.gov/sra?term=SRX24488336,,HSC001_ZNF469_12day_R1
GSM8257202,,,,,,Illumina NovaSeq 6000,cDNA,transcriptomic,RNA-Seq,polyA RNA,Homo sapiens,GPL24676,,,,HSC,,,,,,,,,,SRA,HSC,https://www.ncbi.nlm.nih.gov/sra?term=SRX24488337,,HSC001_ZNF469_12day_R2
GSM8257203,,,,,,Illumina NovaSeq 6000,cDNA,transcriptomic,RNA-Seq,polyA RNA,Homo sapiens,GPL24676,,,,HSC,,,,,,,,,,SRA,HSC,https://www.ncbi.nlm.nih.gov/sra?term=SRX24488338,,HSC001_ZNF469_12day_R3
GSM8257204,,,,,,Illumina NovaSeq 6000,cDNA,transcriptomic,RNA-Seq,polyA RNA,Homo sapiens,GPL24676,,,,HSC,,,,,,,,,,SRA,HSC,https://www.ncbi.nlm.nih.gov/sra?term=SRX24488339,,HSC001_RUNX1_12day_R1
GSM8257205,,,,,,Illumina NovaSeq 6000,cDNA,transcriptomic,RNA-Seq,polyA RNA,Homo sapiens,GPL24676,,,,HSC,,,,,,,,,,SRA,HSC,https://www.ncbi.nlm.nih.gov/sra?term=SRX24488340,,HSC001_RUNX1_12day_R2
GSM8257206,,,,,,Illumina NovaSeq 6000,cDNA,transcriptomic,RNA-Seq,polyA RNA,Homo sapiens,GPL24676,,,,HSC,,,,,,,,,,SRA,HSC,https://www.ncbi.nlm.nih.gov/sra?term=SRX24488341,,HSC001_RUNX1_12day_R3
GSM8257207,,,,,,Illumina NovaSeq 6000,cDNA,transcriptomic,RNA-Seq,polyA RNA,Homo sapiens,GPL24676,,,,HSC,,,,,,,,,,SRA,HSC,https://www.ncbi.nlm.nih.gov/sra?term=SRX24488342,,HSC001_HOXB4_12day_R1
GSM8257208,,,,,,Illumina NovaSeq 6000,cDNA,transcriptomic,RNA-Seq,polyA RNA,Homo sapiens,GPL24676,,,,HSC,,,,,,,,,,SRA,HSC,https://www.ncbi.nlm.nih.gov/sra?term=SRX24488343,,HSC001_HOXB4_12day_R2
GSM8257209,,,,,,Illumina NovaSeq 6000,cDNA,transcriptomic,RNA-Seq,polyA RNA,Homo sapiens,GPL24676,,,,HSC,,,,,,,,,,SRA,HSC,https://www.ncbi.nlm.nih.gov/sra?term=SRX24488344,,HSC001_HOXB4_12day_R3
GSM8257210,,,,,,Illumina NovaSeq 6000,cDNA,transcriptomic,RNA-Seq,polyA RNA,Homo sapiens,GPL24676,,,,HSC,,,,,,,,,,SRA,HSC,https://www.ncbi.nlm.nih.gov/sra?term=SRX24488345,,HSC001_MEF2D_12day_R1
GSM8257211,,,,,,Illumina NovaSeq 6000,cDNA,transcriptomic,RNA-Seq,polyA RNA,Homo sapiens,GPL24676,,,,HSC,,,,,,,,,,SRA,HSC,https://www.ncbi.nlm.nih.gov/sra?term=SRX24488346,,HSC001_MEF2D_12day_R2
GSM8257212,,,,,,Illumina NovaSeq 6000,cDNA,transcriptomic,RNA-Seq,polyA RNA,Homo sapiens,GPL24676,,,,HSC,,,,,,,,,,SRA,HSC,https://www.ncbi.nlm.nih.gov/sra?term=SRX24488347,,HSC001_MEF2D_12day_R3
GSM8257213,,,,,,Illumina NovaSeq 6000,cDNA,transcriptomic,RNA-Seq,polyA RNA,Homo sapiens,GPL24676,,,,HSC,,,,,,,,,,SRA,HSC,https://www.ncbi.nlm.nih.gov/sra?term=SRX24488348,,HSC001_MSC_12day_R1
GSM8257214,,,,,,Illumina NovaSeq 6000,cDNA,transcriptomic,RNA-Seq,polyA RNA,Homo sapiens,GPL24676,,,,HSC,,,,,,,,,,SRA,HSC,https://www.ncbi.nlm.nih.gov/sra?term=SRX24488349,,HSC001_MSC_12day_R2
GSM8257215,,,,,,Illumina NovaSeq 6000,cDNA,transcriptomic,RNA-Seq,polyA RNA,Homo sapiens,GPL24676,,,,HSC,,,,,,,,,,SRA,HSC,https://www.ncbi.nlm.nih.gov/sra?term=SRX24488350,,HSC001_MSC_12day_R3
GSM8257216,,,,,,Illumina NovaSeq 6000,cDNA,transcriptomic,RNA-Seq,polyA RNA,Homo sapiens,GPL24676,,,,HSC,,,,,,,,,,SRA,HSC,https://www.ncbi.nlm.nih.gov/sra?term=SRX24488351,,HSC001_RFX5_12day_R1
GSM8257217,,,,,,Illumina NovaSeq 6000,cDNA,transcriptomic,RNA-Seq,polyA RNA,Homo sapiens,GPL24676,,,,HSC,,,,,,,,,,SRA,HSC,https://www.ncbi.nlm.nih.gov/sra?term=SRX24488352,,HSC001_RFX5_12day_R2
GSM8257218,,,,,,Illumina NovaSeq 6000,cDNA,transcriptomic,RNA-Seq,polyA RNA,Homo sapiens,GPL24676,,,,HSC,,,,,,,,,,SRA,HSC,https://www.ncbi.nlm.nih.gov/sra?term=SRX24488353,,HSC001_RFX5_12day_R3
GSM8257219,,,,,,Illumina NovaSeq 6000,cDNA,transcriptomic,RNA-Seq,polyA RNA,Homo sapiens,GPL24676,,,,HSC,,,,,,,,,,SRA,HSC,https://www.ncbi.nlm.nih.gov/sra?term=SRX24488354,,HSC001_TBX3_12day_R1
GSM8257220,,,,,,Illumina NovaSeq 6000,cDNA,transcriptomic,RNA-Seq,polyA RNA,Homo sapiens,GPL24676,,,,HSC,,,,,,,,,,SRA,HSC,https://www.ncbi.nlm.nih.gov/sra?term=SRX24488355,,HSC001_TBX3_12day_R2
GSM8257221,,,,,,Illumina NovaSeq 6000,cDNA,transcriptomic,RNA-Seq,polyA RNA,Homo sapiens,GPL24676,,,,HSC,,,,,,,,,,SRA,HSC,https://www.ncbi.nlm.nih.gov/sra?term=SRX24488356,,HSC001_TBX3_12day_R3
GSM8257222,,,,,,Illumina NovaSeq 6000,cDNA,transcriptomic,RNA-Seq,polyA RNA,Homo sapiens,GPL24676,,,,HSC,,,,,,,,,,SRA,HSC,https://www.ncbi.nlm.nih.gov/sra?term=SRX24488357,,HSC001_TEAD3_12day_R1
GSM8257223,,,,,,Illumina NovaSeq 6000,cDNA,transcriptomic,RNA-Seq,polyA RNA,Homo sapiens,GPL24676,,,,HSC,,,,,,,,,,SRA,HSC,https://www.ncbi.nlm.nih.gov/sra?term=SRX24488358,,HSC001_TEAD3_12day_R2
GSM8257224,,,,,,Illumina NovaSeq 6000,cDNA,transcriptomic,RNA-Seq,polyA RNA,Homo sapiens,GPL24676,,,,HSC,,,,,,,,,,SRA,HSC,https://www.ncbi.nlm.nih.gov/sra?term=SRX24488359,,HSC001_TEAD3_12day_R3
GSM8260214,F,NOR,0,Liver,,Illumina NovaSeq 6000,other,genomic,OTHER,genomic DNA,Homo sapiens,GPL24676,F,NOR,0,,,H3K27ac,0,,0,0,0,Liver,,SRA,Liver,https://www.ncbi.nlm.nih.gov/sra?term=SRX24510386,,END612_nor_H3K27ac_cutrun
GSM8260215,F,NAFL,2,Liver,,Illumina NovaSeq 6000,other,genomic,OTHER,genomic DNA,Homo sapiens,GPL24676,F,NAFL,0,,,H3K27ac,0,,1,0,2,Liver,,SRA,Liver,https://www.ncbi.nlm.nih.gov/sra?term=SRX24510387,,YOX147_nafl_H3K27ac_cutrun
GSM8260216,M,NASH_F0,1,Liver,,Illumina NovaSeq 6000,other,genomic,OTHER,genomic DNA,Homo sapiens,GPL24676,M,NASH_F0,1,,,H3K27ac,0,,1,0,1,Liver,,SRA,Liver,https://www.ncbi.nlm.nih.gov/sra?term=SRX24510388,,DNL679_nash_f0_H3K27ac_cutrun
GSM8260217,F,NASH_F0,2,Liver,,Illumina NovaSeq 6000,other,genomic,OTHER,genomic DNA,Homo sapiens,GPL24676,F,NASH_F0,1,,,H3K27ac,0,,2,0,2,Liver,,SRA,Liver,https://www.ncbi.nlm.nih.gov/sra?term=SRX24510389,,KQF393_nash_f0_H3K27ac_cutrun
GSM8260218,F,NASH_F23,2,Liver,,Illumina NovaSeq 6000,other,genomic,OTHER,genomic DNA,Homo sapiens,GPL24676,F,NASH_F23,1,,,H3K27ac,2,,1,0,2,Liver,,SRA,Liver,https://www.ncbi.nlm.nih.gov/sra?term=SRX24510390,,YNE987_nash_f23_H3K27ac_cutrun
GSM8260219,F,NOR,0,Liver,,Illumina NovaSeq 6000,other,genomic,OTHER,genomic DNA,Homo sapiens,GPL24676,F,NOR,0,,,H3K27ac,0,,0,0,0,Liver,,SRA,Liver,https://www.ncbi.nlm.nih.gov/sra?term=SRX24510391,,RJR816_nor_H3K27ac_cutrun
GSM8260220,F,NAFL,1,Liver,,Illumina NovaSeq 6000,other,genomic,OTHER,genomic DNA,Homo sapiens,GPL24676,F,NAFL,0,,,H3K27ac,0,,0,0,1,Liver,,SRA,Liver,https://www.ncbi.nlm.nih.gov/sra?term=SRX24510392,,LAH821_nafl_H3K27ac_cutrun
GSM8260221,F,NASH_F0,3,Liver,,Illumina NovaSeq 6000,other,genomic,OTHER,genomic DNA,Homo sapiens,GPL24676,F,NASH_F0,2,,,H3K27ac,0,,2,1,3,Liver,,SRA,Liver,https://www.ncbi.nlm.nih.gov/sra?term=SRX24510393,,GTX889_nash_f0_H3K27ac_cutrun
GSM8260222,M,NASH_F1,1,Liver,,Illumina NovaSeq 6000,other,genomic,OTHER,genomic DNA,Homo sapiens,GPL24676,M,NASH_F1,2,,,H3K27ac,1,,1,0,1,Liver,,SRA,Liver,https://www.ncbi.nlm.nih.gov/sra?term=SRX24510394,,CUG491_nash_f1_H3K27ac_cutrun
GSM8260223,F,NASH_F23,3,Liver,,Illumina NovaSeq 6000,other,genomic,OTHER,genomic DNA,Homo sapiens,GPL24676,F,NASH_F23,2,,,H3K27ac,2,,2,2,3,Liver,,SRA,Liver,https://www.ncbi.nlm.nih.gov/sra?term=SRX24510395,,PWQ681_nash_f23_H3K27ac_cutrun
GSM8260224,F,NAFL,1,Liver,,Illumina NovaSeq 6000,other,genomic,OTHER,genomic DNA,Homo sapiens,GPL24676,F,NAFL,0,,,H3K27ac,0,,0,0,1,Liver,,SRA,Liver,https://www.ncbi.nlm.nih.gov/sra?term=SRX24510396,,YRI137_nafl_H3K27ac_cutrun
GSM8260225,F,NOR,0,Liver,,Illumina NovaSeq 6000,other,genomic,OTHER,genomic DNA,Homo sapiens,GPL24676,F,NOR,0,,,H3K27ac,0,,0,0,0,Liver,,SRA,Liver,https://www.ncbi.nlm.nih.gov/sra?term=SRX24510397,,FSM684_nor_H3K27ac_cutrun
GSM8260226,F,NASH_F1,3,Liver,,Illumina NovaSeq 6000,other,genomic,OTHER,genomic DNA,Homo sapiens,GPL24676,F,NASH_F1,1,,,H3K27ac,1,,2,2,3,Liver,,SRA,Liver,https://www.ncbi.nlm.nih.gov/sra?term=SRX24510398,,HML208_nash_f1_H3K27ac_cutrun
GSM8260227,F,NAFL,1,Liver,,Illumina NovaSeq 6000,other,genomic,OTHER,genomic DNA,Homo sapiens,GPL24676,F,NAFL,0,,,H3K27ac,0,,1,0,1,Liver,,SRA,Liver,https://www.ncbi.nlm.nih.gov/sra?term=SRX24510399,,TTG258_nafl_H3K27ac_cutrun
GSM8260228,M,NASH_F0,1,Liver,,Illumina NovaSeq 6000,other,genomic,OTHER,genomic DNA,Homo sapiens,GPL24676,M,NASH_F0,1,,,H3K27ac,0,,1,0,1,Liver,,SRA,Liver,https://www.ncbi.nlm.nih.gov/sra?term=SRX24510400,,IOA210_nash_f0_H3K27ac_cutrun
GSM8260229,F,NAFL,1,Liver,,Illumina NovaSeq 6000,other,genomic,OTHER,genomic DNA,Homo sapiens,GPL24676,F,NAFL,0,,,H3K27ac,0,,0,0,1,Liver,,SRA,Liver,https://www.ncbi.nlm.nih.gov/sra?term=SRX24510401,,GNK557_nafl_H3K27ac_cutrun
GSM8260230,F,NASH_F23,1,Liver,,Illumina NovaSeq 6000,other,genomic,OTHER,genomic DNA,Homo sapiens,GPL24676,F,NASH_F23,1,,,H3K27ac,2,,1,0,1,Liver,,SRA,Liver,https://www.ncbi.nlm.nih.gov/sra?term=SRX24510402,,PGH821_nash_f23_H3K27ac_cutrun
GSM8260231,F,NOR,0,Liver,,Illumina NovaSeq 6000,other,genomic,OTHER,genomic DNA,Homo sapiens,GPL24676,F,NOR,0,,,H3K27ac,0,,0,0,0,Liver,,SRA,Liver,https://www.ncbi.nlm.nih.gov/sra?term=SRX24510403,,SLR4892_nor_H3K27ac_cutrun
GSM8260232,M,NASH_F1,1,Liver,,Illumina NovaSeq 6000,other,genomic,OTHER,genomic DNA,Homo sapiens,GPL24676,M,NASH_F1,1,,,H3K27ac,1,,1,0,1,Liver,,SRA,Liver,https://www.ncbi.nlm.nih.gov/sra?term=SRX24510404,,CIW710_nash_f1_H3K27ac_cutrun
GSM8260233,M,NASH_F0,3,Liver,,Illumina NovaSeq 6000,other,genomic,OTHER,genomic DNA,Homo sapiens,GPL24676,M,NASH_F0,1,,,H3K27ac,0,,1,0,3,Liver,,SRA,Liver,https://www.ncbi.nlm.nih.gov/sra?term=SRX24510405,,KQC337_nash_f0_H3K27ac_cutrun
GSM8260234,F,NOR,0,Liver,,Illumina NovaSeq 6000,other,genomic,OTHER,genomic DNA,Homo sapiens,GPL24676,F,NOR,0,,,H3K27ac,0,,0,0,0,Liver,,SRA,Liver,https://www.ncbi.nlm.nih.gov/sra?term=SRX24510406,,XPP673_nor_H3K27ac_cutrun
GSM8260235,F,NAFL,1,Liver,,Illumina NovaSeq 6000,other,genomic,OTHER,genomic DNA,Homo sapiens,GPL24676,F,NAFL,0,,,H3K27ac,0,,1,0,1,Liver,,SRA,Liver,https://www.ncbi.nlm.nih.gov/sra?term=SRX24510407,,KXW719_nafl_H3K27ac_cutrun
GSM8260236,F,NOR,0,Liver,,Illumina NovaSeq 6000,other,genomic,OTHER,genomic DNA,Homo sapiens,GPL24676,F,NOR,0,,,H3K27ac,0,,0,0,0,Liver,,SRA,Liver,https://www.ncbi.nlm.nih.gov/sra?term=SRX24510408,,KUV229_nor_H3K27ac_cutrun
GSM8260237,F,NASH_F0,3,Liver,,Illumina NovaSeq 6000,other,genomic,OTHER,genomic DNA,Homo sapiens,GPL24676,F,NASH_F0,2,,,H3K27ac,0,,1,0,3,Liver,,SRA,Liver,https://www.ncbi.nlm.nih.gov/sra?term=SRX24510409,,LQF210_nash_f0_H3K27ac_cutrun
GSM8260238,F,NOR,0,Liver,,Illumina NovaSeq 6000,other,genomic,OTHER,genomic DNA,Homo sapiens,GPL24676,F,NOR,0,,,H3K27ac,0,,0,0,0,Liver,,SRA,Liver,https://www.ncbi.nlm.nih.gov/sra?term=SRX24510410,,CFH377_nor_H3K27ac_cutrun
GSM8260239,F,NASH_F23,2,Liver,,Illumina NovaSeq 6000,other,genomic,OTHER,genomic DNA,Homo sapiens,GPL24676,F,NASH_F23,2,,,H3K27ac,2,,2,1,2,Liver,,SRA,Liver,https://www.ncbi.nlm.nih.gov/sra?term=SRX24510411,,EXK318_nash_f23_H3K27ac_cutrun
GSM8260240,F,NAFL,1,Liver,,Illumina NovaSeq 6000,other,genomic,OTHER,genomic DNA,Homo sapiens,GPL24676,F,NAFL,0,,,H3K27ac,0,,1,0,1,Liver,,SRA,Liver,https://www.ncbi.nlm.nih.gov/sra?term=SRX24510412,,BQG343_nafl_H3K27ac_cutrun
GSM8260241,F,NASH_F1,1,Liver,,Illumina NovaSeq 6000,other,genomic,OTHER,genomic DNA,Homo sapiens,GPL24676,F,NASH_F1,1,,,H3K27ac,1,,2,2,1,Liver,,SRA,Liver,https://www.ncbi.nlm.nih.gov/sra?term=SRX24510413,,QKY201_nash_f1_H3K27ac_cutrun
GSM8260242,F,NAFL,1,Liver,,Illumina NovaSeq 6000,other,genomic,OTHER,genomic DNA,Homo sapiens,GPL24676,F,NAFL,0,,,H3K27ac,0,,1,0,1,Liver,,SRA,Liver,https://www.ncbi.nlm.nih.gov/sra?term=SRX24510414,,IMD704_nafl_H3K27ac_cutrun
GSM8260243,F,NASH_F23,1,Liver,,Illumina NovaSeq 6000,other,genomic,OTHER,genomic DNA,Homo sapiens,GPL24676,F,NASH_F23,1,,,H3K27ac,2,,1,2,1,Liver,,SRA,Liver,https://www.ncbi.nlm.nih.gov/sra?term=SRX24510415,,JFL906_nash_f23_H3K27ac_cutrun
GSM8260244,F,NOR,0,Liver,,Illumina NovaSeq 6000,other,genomic,OTHER,genomic DNA,Homo sapiens,GPL24676,F,NOR,0,,,H3K27ac,0,,0,0,0,Liver,,SRA,Liver,https://www.ncbi.nlm.nih.gov/sra?term=SRX24510416,,HYC397_nor_H3K27ac_cutrun
GSM8260245,F,NASH_F0,3,Liver,,Illumina NovaSeq 6000,other,genomic,OTHER,genomic DNA,Homo sapiens,GPL24676,F,NASH_F0,1,,,H3K27ac,0,,1,0,3,Liver,,SRA,Liver,https://www.ncbi.nlm.nih.gov/sra?term=SRX24510417,,RVO178_nash_f0_H3K27ac_cutrun
GSM8260246,M,NASH_F1,1,Liver,,Illumina NovaSeq 6000,other,genomic,OTHER,genomic DNA,Homo sapiens,GPL24676,M,NASH_F1,1,,,H3K27ac,1,,1,0,1,Liver,,SRA,Liver,https://www.ncbi.nlm.nih.gov/sra?term=SRX24510418,,SPM565_nash_f1_H3K27ac_cutrun
GSM8260247,F,NAFL,1,Liver,,Illumina NovaSeq 6000,other,genomic,OTHER,genomic DNA,Homo sapiens,GPL24676,F,NAFL,0,,,H3K27ac,0,,0,0,1,Liver,,SRA,Liver,https://www.ncbi.nlm.nih.gov/sra?term=SRX24510419,,EFT620_nafl_H3K27ac_cutrun
GSM8260248,F,NOR,0,Liver,,Illumina NovaSeq 6000,other,genomic,OTHER,genomic DNA,Homo sapiens,GPL24676,F,NOR,0,,,H3K27ac,0,,0,0,0,Liver,,SRA,Liver,https://www.ncbi.nlm.nih.gov/sra?term=SRX24510420,,SRC524_nor_H3K27ac_cutrun
GSM8260249,F,NAFL,1,Liver,,Illumina NovaSeq 6000,other,genomic,OTHER,genomic DNA,Homo sapiens,GPL24676,F,NAFL,0,,,H3K27ac,0,,0,0,1,Liver,,SRA,Liver,https://www.ncbi.nlm.nih.gov/sra?term=SRX24510421,,YVA544_nafl_H3K27ac_cutrun
GSM8260250,F,NOR,0,Liver,,Illumina NovaSeq 6000,other,genomic,OTHER,genomic DNA,Homo sapiens,GPL24676,F,NOR,0,,,H3K27ac,0,,0,0,0,Liver,,SRA,Liver,https://www.ncbi.nlm.nih.gov/sra?term=SRX24510422,,VVI446_nor_H3K27ac_cutrun
GSM8260251,F,NASH_F0,1,Liver,,Illumina NovaSeq 6000,other,genomic,OTHER,genomic DNA,Homo sapiens,GPL24676,F,NASH_F0,1,,,H3K27ac,0,,1,0,1,Liver,,SRA,Liver,https://www.ncbi.nlm.nih.gov/sra?term=SRX24510423,,SEG748_nash_f0_H3K27ac_cutrun
GSM8260252,F,NAFL,1,Liver,,Illumina NovaSeq 6000,other,genomic,OTHER,genomic DNA,Homo sapiens,GPL24676,F,NAFL,0,,,H3K27ac,0,,0,0,1,Liver,,SRA,Liver,https://www.ncbi.nlm.nih.gov/sra?term=SRX24510424,,OQG452_nafl_H3K27ac_cutrun
GSM8260253,F,NASH_F1,3,Liver,,Illumina NovaSeq 6000,other,genomic,OTHER,genomic DNA,Homo sapiens,GPL24676,F,NASH_F1,1,,,H3K27ac,1,,1,1,3,Liver,,SRA,Liver,https://www.ncbi.nlm.nih.gov/sra?term=SRX24510425,,CQW242_nash_f1_H3K27ac_cutrun
GSM8260254,M,NASH_F0,2,Liver,,Illumina NovaSeq 6000,other,genomic,OTHER,genomic DNA,Homo sapiens,GPL24676,M,NASH_F0,1,,,H3K27ac,0,,1,0,2,Liver,,SRA,Liver,https://www.ncbi.nlm.nih.gov/sra?term=SRX24510426,,YFH298_nash_f0_H3K27ac_cutrun
GSM8260255,M,NASH_F23,1,Liver,,Illumina NovaSeq 6000,other,genomic,OTHER,genomic DNA,Homo sapiens,GPL24676,M,NASH_F23,1,,,H3K27ac,3,,2,2,1,Liver,,SRA,Liver,https://www.ncbi.nlm.nih.gov/sra?term=SRX24510427,,WRY133_nash_f23_H3K27ac_cutrun
GSM8260256,F,NOR,0,Liver,,Illumina NovaSeq 6000,other,genomic,OTHER,genomic DNA,Homo sapiens,GPL24676,F,NOR,0,,,H3K27ac,0,,0,0,0,Liver,,SRA,Liver,https://www.ncbi.nlm.nih.gov/sra?term=SRX24510428,,DWS954_nor_H3K27ac_cutrun
GSM8260257,F,NOR,0,Liver,,Illumina NovaSeq 6000,other,genomic,OTHER,genomic DNA,Homo sapiens,GPL24676,F,NOR,0,,,H3K27ac,0,,0,0,0,Liver,,SRA,Liver,https://www.ncbi.nlm.nih.gov/sra?term=SRX24510429,,OTW294_nor_H3K27ac_cutrun
GSM8260258,F,NAFL,1,Liver,,Illumina NovaSeq 6000,other,genomic,OTHER,genomic DNA,Homo sapiens,GPL24676,F,NAFL,0,,,H3K27ac,0,,0,0,1,Liver,,SRA,Liver,https://www.ncbi.nlm.nih.gov/sra?term=SRX24510430,,UHL541_nafl_H3K27ac_cutrun
GSM8260259,F,NASH_F0,2,Liver,,Illumina NovaSeq 6000,other,genomic,OTHER,genomic DNA,Homo sapiens,GPL24676,F,NASH_F0,2,,,H3K27ac,0,,1,0,2,Liver,,SRA,Liver,https://www.ncbi.nlm.nih.gov/sra?term=SRX24510431,,QTB333_nash_f0_H3K27ac_cutrun
GSM8260260,F,NASH_F23,2,Liver,,Illumina NovaSeq 6000,other,genomic,OTHER,genomic DNA,Homo sapiens,GPL24676,F,NASH_F23,2,,,H3K27ac,2,,2,1,2,Liver,,SRA,Liver,https://www.ncbi.nlm.nih.gov/sra?term=SRX24510432,,XYG500_nash_f23_H3K27ac_cutrun
GSM8260261,F,NASH_F1,2,Liver,,Illumina NovaSeq 6000,other,genomic,OTHER,genomic DNA,Homo sapiens,GPL24676,F,NASH_F1,2,,,H3K27ac,1,,1,0,2,Liver,,SRA,Liver,https://www.ncbi.nlm.nih.gov/sra?term=SRX24510433,,PNT686_nash_f1_H3K27ac_cutrun
GSM8260262,F,NAFL,2,Liver,,Illumina NovaSeq 6000,other,genomic,OTHER,genomic DNA,Homo sapiens,GPL24676,F,NAFL,0,,,H3K27ac,0,,1,0,2,Liver,,SRA,Liver,https://www.ncbi.nlm.nih.gov/sra?term=SRX24510458,,YDJ237_nafl_H3K27ac_cutrun
GSM8260263,F,NOR,0,Liver,,Illumina NovaSeq 6000,other,genomic,OTHER,genomic DNA,Homo sapiens,GPL24676,F,NOR,0,,,H3K27ac,0,,0,0,0,Liver,,SRA,Liver,https://www.ncbi.nlm.nih.gov/sra?term=SRX24510459,,PFX974_nor_H3K27ac_cutrun
GSM8260264,F,NASH_F1,2,Liver,,Illumina NovaSeq 6000,other,genomic,OTHER,genomic DNA,Homo sapiens,GPL24676,F,NASH_F1,1,,,H3K27ac,1,,2,1,2,Liver,,SRA,Liver,https://www.ncbi.nlm.nih.gov/sra?term=SRX24510460,,JWQ775_nash_f1_H3K27ac_cutrun
GSM8260265,F,NAFL,1,Liver,,Illumina NovaSeq 6000,other,genomic,OTHER,genomic DNA,Homo sapiens,GPL24676,F,NAFL,0,,,H3K27ac,0,,0,0,1,Liver,,SRA,Liver,https://www.ncbi.nlm.nih.gov/sra?term=SRX24510461,,GDJ739_nafl_H3K27ac_cutrun
GSM8260266,F,NOR,0,Liver,,Illumina NovaSeq 6000,other,genomic,OTHER,genomic DNA,Homo sapiens,GPL24676,F,NOR,0,,,H3K27ac,0,,0,0,0,Liver,,SRA,Liver,https://www.ncbi.nlm.nih.gov/sra?term=SRX24510462,,OKQ881_nor_H3K27ac_cutrun
GSM8260267,F,NAFL,1,Liver,,Illumina NovaSeq 6000,other,genomic,OTHER,genomic DNA,Homo sapiens,GPL24676,F,NAFL,0,,,H3K27ac,0,,1,0,1,Liver,,SRA,Liver,https://www.ncbi.nlm.nih.gov/sra?term=SRX24510463,,LUH941_nafl_H3K27ac_cutrun
GSM8260268,F,NOR,0,Liver,,Illumina NovaSeq 6000,other,genomic,OTHER,genomic DNA,Homo sapiens,GPL24676,F,NOR,0,,,H3K27ac,0,,0,0,0,Liver,,SRA,Liver,https://www.ncbi.nlm.nih.gov/sra?term=SRX24510464,,AUT782_nor_H3K27ac_cutrun
GSM8260269,F,NASH_F0,3,Liver,,Illumina NovaSeq 6000,other,genomic,OTHER,genomic DNA,Homo sapiens,GPL24676,F,NASH_F0,1,,,H3K27ac,0,,1,0,3,Liver,,SRA,Liver,https://www.ncbi.nlm.nih.gov/sra?term=SRX24510465,,WLW163_nash_f0_H3K27ac_cutrun
GSM8260270,M,NASH_F1,1,Liver,,Illumina NovaSeq 6000,other,genomic,OTHER,genomic DNA,Homo sapiens,GPL24676,M,NASH_F1,1,,,H3K27ac,1,,1,0,1,Liver,,SRA,Liver,https://www.ncbi.nlm.nih.gov/sra?term=SRX24510466,,YSZ301_nash_f1_H3K27ac_cutrun
GSM8260271,F,NASH_F0,3,Liver,,Illumina NovaSeq 6000,other,genomic,OTHER,genomic DNA,Homo sapiens,GPL24676,F,NASH_F0,2,,,H3K27ac,0,,2,0,3,Liver,,SRA,Liver,https://www.ncbi.nlm.nih.gov/sra?term=SRX24510467,,JUT827_nash_f0_H3K27ac_cutrun
GSM8260272,F,NOR,0,Liver,,Illumina NovaSeq 6000,other,genomic,OTHER,genomic DNA,Homo sapiens,GPL24676,F,NOR,0,,,H3K27ac,0,,0,0,0,Liver,,SRA,Liver,https://www.ncbi.nlm.nih.gov/sra?term=SRX24510468,,BGB414_nor_H3K27ac_cutrun
GSM8260273,F,NAFL,1,Liver,,Illumina NovaSeq 6000,other,genomic,OTHER,genomic DNA,Homo sapiens,GPL24676,F,NAFL,0,,,H3K27ac,0,,0,0,1,Liver,,SRA,Liver,https://www.ncbi.nlm.nih.gov/sra?term=SRX24510469,,MRA483_nafl_H3K27ac_cutrun
GSM8260274,F,NOR,0,Liver,,Illumina NovaSeq 6000,other,genomic,OTHER,genomic DNA,Homo sapiens,GPL24676,F,NOR,0,,,H3K27ac,0,,0,0,0,Liver,,SRA,Liver,https://www.ncbi.nlm.nih.gov/sra?term=SRX24510470,,REI423_nor_H3K27ac_cutrun
GSM8260275,F,NASH_F0,1,Liver,,Illumina NovaSeq 6000,other,genomic,OTHER,genomic DNA,Homo sapiens,GPL24676,F,NASH_F0,1,,,H3K27ac,0,,1,0,1,Liver,,SRA,Liver,https://www.ncbi.nlm.nih.gov/sra?term=SRX24510471,,TVO619_nash_f0_H3K27ac_cutrun
GSM8260276,M,NASH_F1,3,Liver,,Illumina NovaSeq 6000,other,genomic,OTHER,genomic DNA,Homo sapiens,GPL24676,M,NASH_F1,2,,,H3K27ac,1,,2,1,3,Liver,,SRA,Liver,https://www.ncbi.nlm.nih.gov/sra?term=SRX24510472,,JVQ477_nash_f1_H3K27ac_cutrun
GSM8260277,M,NASH_F23,3,Liver,,Illumina NovaSeq 6000,other,genomic,OTHER,genomic DNA,Homo sapiens,GPL24676,M,NASH_F23,1,,,H3K27ac,2,,2,1,3,Liver,,SRA,Liver,https://www.ncbi.nlm.nih.gov/sra?term=SRX24510473,,IQG997_nash_f23_H3K27ac_cutrun
GSM8260278,F,NOR,0,Liver,,Illumina NovaSeq 6000,other,genomic,OTHER,genomic DNA,Homo sapiens,GPL24676,F,NOR,0,,,H3K27ac,0,,0,0,0,Liver,,SRA,Liver,https://www.ncbi.nlm.nih.gov/sra?term=SRX24510474,,RFN819_nor_H3K27ac_cutrun
GSM8260279,F,NAFL,1,Liver,,Illumina NovaSeq 6000,other,genomic,OTHER,genomic DNA,Homo sapiens,GPL24676,F,NAFL,0,,,H3K27ac,0,,1,0,1,Liver,,SRA,Liver,https://www.ncbi.nlm.nih.gov/sra?term=SRX24510475,,ABJ468_nafl_H3K27ac_cutrun
GSM8260280,F,NASH_F1,2,Liver,,Illumina NovaSeq 6000,other,genomic,OTHER,genomic DNA,Homo sapiens,GPL24676,F,NASH_F1,1,,,H3K27ac,1,,1,1,2,Liver,,SRA,Liver,https://www.ncbi.nlm.nih.gov/sra?term=SRX24510476,,YHB234_nash_f1_H3K27ac_cutrun
GSM8260281,F,NOR,0,Liver,,Illumina NovaSeq 6000,other,genomic,OTHER,genomic DNA,Homo sapiens,GPL24676,F,NOR,0,,,H3K27ac,0,,0,0,0,Liver,,SRA,Liver,https://www.ncbi.nlm.nih.gov/sra?term=SRX24510477,,GBP913_nor_H3K27ac_cutrun
GSM8260282,M,NASH_F0,2,Liver,,Illumina NovaSeq 6000,other,genomic,OTHER,genomic DNA,Homo sapiens,GPL24676,M,NASH_F0,1,,,H3K27ac,0,,1,0,2,Liver,,SRA,Liver,https://www.ncbi.nlm.nih.gov/sra?term=SRX24510478,,YMK964_nash_f0_H3K27ac_cutrun
GSM8260283,F,NAFL,1,Liver,,Illumina NovaSeq 6000,other,genomic,OTHER,genomic DNA,Homo sapiens,GPL24676,F,NAFL,0,,,H3K27ac,0,,0,0,1,Liver,,SRA,Liver,https://www.ncbi.nlm.nih.gov/sra?term=SRX24510479,,TLT507_nafl_H3K27ac_cutrun
GSM8260284,M,NASH_F23,1,Liver,,Illumina NovaSeq 6000,other,genomic,OTHER,genomic DNA,Homo sapiens,GPL24676,M,NASH_F23,2,,,H3K27ac,3,,2,1,1,Liver,,SRA,Liver,https://www.ncbi.nlm.nih.gov/sra?term=SRX24510480,,XSP436_nash_f23_H3K27ac_cutrun
GSM8260285,F,NAFL,3,Liver,,Illumina NovaSeq 6000,other,genomic,OTHER,genomic DNA,Homo sapiens,GPL24676,F,NAFL,0,,,H3K27ac,0,,0,0,3,Liver,,SRA,Liver,https://www.ncbi.nlm.nih.gov/sra?term=SRX24510481,,NIV336_nafl_H3K27ac_cutrun
GSM8260286,F,NOR,0,Liver,,Illumina NovaSeq 6000,other,genomic,OTHER,genomic DNA,Homo sapiens,GPL24676,F,NOR,0,,,H3K27ac,0,,0,0,0,Liver,,SRA,Liver,https://www.ncbi.nlm.nih.gov/sra?term=SRX24510434,,HNK873_nor_H3K27ac_cutrun
GSM8260287,F,NASH_F1,2,Liver,,Illumina NovaSeq 6000,other,genomic,OTHER,genomic DNA,Homo sapiens,GPL24676,F,NASH_F1,1,,,H3K27ac,1,,2,1,2,Liver,,SRA,Liver,https://www.ncbi.nlm.nih.gov/sra?term=SRX24510435,,UXJ402_nash_f1_H3K27ac_cutrun
GSM8260288,F,NAFL,1,Liver,,Illumina NovaSeq 6000,other,genomic,OTHER,genomic DNA,Homo sapiens,GPL24676,F,NAFL,0,,,H3K27ac,0,,0,0,1,Liver,,SRA,Liver,https://www.ncbi.nlm.nih.gov/sra?term=SRX24510436,,JNK936_nafl_H3K27ac_cutrun
GSM8260289,F,NASH_F0,1,Liver,,Illumina NovaSeq 6000,other,genomic,OTHER,genomic DNA,Homo sapiens,GPL24676,F,NASH_F0,2,,,H3K27ac,0,,2,1,1,Liver,,SRA,Liver,https://www.ncbi.nlm.nih.gov/sra?term=SRX24510437,,HPF205_nash_f0_H3K27ac_cutrun
GSM8260290,F,NASH_F1,2,Liver,,Illumina NovaSeq 6000,other,genomic,OTHER,genomic DNA,Homo sapiens,GPL24676,F,NASH_F1,2,,,H3K27ac,1,,2,1,2,Liver,,SRA,Liver,https://www.ncbi.nlm.nih.gov/sra?term=SRX24510438,,UDF695_nash_f1_H3K27ac_cutrun
GSM8260291,F,NAFL,1,Liver,,Illumina NovaSeq 6000,other,genomic,OTHER,genomic DNA,Homo sapiens,GPL24676,F,NAFL,0,,,H3K27ac,0,,0,0,1,Liver,,SRA,Liver,https://www.ncbi.nlm.nih.gov/sra?term=SRX24510439,,GNI484_nafl_H3K27ac_cutrun
GSM8260292,F,NASH_F0,2,Liver,,Illumina NovaSeq 6000,other,genomic,OTHER,genomic DNA,Homo sapiens,GPL24676,F,NASH_F0,1,,,H3K27ac,0,,1,0,2,Liver,,SRA,Liver,https://www.ncbi.nlm.nih.gov/sra?term=SRX24510440,,OUX828_nash_f0_H3K27ac_cutrun
GSM8260293,F,NASH_F23,2,Liver,,Illumina NovaSeq 6000,other,genomic,OTHER,genomic DNA,Homo sapiens,GPL24676,F,NASH_F23,2,,,H3K27ac,3,,2,2,2,Liver,,SRA,Liver,https://www.ncbi.nlm.nih.gov/sra?term=SRX24510441,,PXJ190_nash_f23_H3K27ac_cutrun
GSM8260294,F,NOR,0,Liver,,Illumina NovaSeq 6000,other,genomic,OTHER,genomic DNA,Homo sapiens,GPL24676,F,NOR,0,,,H3K27ac,0,,0,0,0,Liver,,SRA,Liver,https://www.ncbi.nlm.nih.gov/sra?term=SRX24510442,,LOT902_nor_H3K27ac_cutrun
GSM8260295,F,NAFL,1,Liver,,Illumina NovaSeq 6000,other,genomic,OTHER,genomic DNA,Homo sapiens,GPL24676,F,NAFL,0,,,H3K27ac,0,,0,0,1,Liver,,SRA,Liver,https://www.ncbi.nlm.nih.gov/sra?term=SRX24510443,,UIX583_nafl_H3K27ac_cutrun
GSM8260296,F,NASH_F1,1,Liver,,Illumina NovaSeq 6000,other,genomic,OTHER,genomic DNA,Homo sapiens,GPL24676,F,NASH_F1,1,,,H3K27ac,1,,1,0,1,Liver,,SRA,Liver,https://www.ncbi.nlm.nih.gov/sra?term=SRX24510444,,CMW958_nash_f1_H3K27ac_cutrun
GSM8260297,F,NASH_F23,2,Liver,,Illumina NovaSeq 6000,other,genomic,OTHER,genomic DNA,Homo sapiens,GPL24676,F,NASH_F23,1,,,H3K27ac,2,,2,0,2,Liver,,SRA,Liver,https://www.ncbi.nlm.nih.gov/sra?term=SRX24510445,,WZG609_nash_f23_H3K27ac_cutrun
GSM8260298,F,NAFL,1,Liver,,Illumina NovaSeq 6000,other,genomic,OTHER,genomic DNA,Homo sapiens,GPL24676,F,NAFL,0,,,H3K27ac,0,,1,0,1,Liver,,SRA,Liver,https://www.ncbi.nlm.nih.gov/sra?term=SRX24510446,,QTT156_nafl_H3K27ac_cutrun
GSM8260299,F,NOR,0,Liver,,Illumina NovaSeq 6000,other,genomic,OTHER,genomic DNA,Homo sapiens,GPL24676,F,NOR,0,,,H3K27ac,0,,0,0,0,Liver,,SRA,Liver,https://www.ncbi.nlm.nih.gov/sra?term=SRX24510447,,KFZ933_nor_H3K27ac_cutrun
GSM8260300,F,NAFL,1,Liver,,Illumina NovaSeq 6000,other,genomic,OTHER,genomic DNA,Homo sapiens,GPL24676,F,NAFL,0,,,H3K27ac,0,,1,0,1,Liver,,SRA,Liver,https://www.ncbi.nlm.nih.gov/sra?term=SRX24510448,,ALF449_nafl_H3K27ac_cutrun
GSM8260301,F,NAFL,1,Liver,,Illumina NovaSeq 6000,other,genomic,OTHER,genomic DNA,Homo sapiens,GPL24676,F,NAFL,0,,,H3K27ac,0,,0,0,1,Liver,,SRA,Liver,https://www.ncbi.nlm.nih.gov/sra?term=SRX24510449,,WNN537_nafl_H3K27ac_cutrun
GSM8260302,F,NASH_F0,3,Liver,,Illumina NovaSeq 6000,other,genomic,OTHER,genomic DNA,Homo sapiens,GPL24676,F,NASH_F0,2,,,H3K27ac,0,,2,0,3,Liver,,SRA,Liver,https://www.ncbi.nlm.nih.gov/sra?term=SRX24510450,,ASX665_nash_f0_H3K27ac_cutrun
GSM8260303,F,NAFL,1,Liver,,Illumina NovaSeq 6000,other,genomic,OTHER,genomic DNA,Homo sapiens,GPL24676,F,NAFL,0,,,H3K27ac,0,,1,0,1,Liver,,SRA,Liver,https://www.ncbi.nlm.nih.gov/sra?term=SRX24510451,,RYZ258_nafl_H3K27ac_cutrun
GSM8260304,F,NOR,0,Liver,,Illumina NovaSeq 6000,other,genomic,OTHER,genomic DNA,Homo sapiens,GPL24676,F,NOR,0,,,H3K27ac,0,,0,0,0,Liver,,SRA,Liver,https://www.ncbi.nlm.nih.gov/sra?term=SRX24510452,,LUK585_nor_H3K27ac_cutrun
GSM8260305,F,NASH_F0,2,Liver,,Illumina NovaSeq 6000,other,genomic,OTHER,genomic DNA,Homo sapiens,GPL24676,F,NASH_F0,1,,,H3K27ac,0,,1,0,2,Liver,,SRA,Liver,https://www.ncbi.nlm.nih.gov/sra?term=SRX24510453,,CVW854_nash_f0_H3K27ac_cutrun
GSM8260306,F,NASH_F23,1,Liver,,Illumina NovaSeq 6000,other,genomic,OTHER,genomic DNA,Homo sapiens,GPL24676,F,NASH_F23,1,,,H3K27ac,2,,1,0,1,Liver,,SRA,Liver,https://www.ncbi.nlm.nih.gov/sra?term=SRX24510454,,ALD943_nash_f23_H3K27ac_cutrun
GSM8260307,F,NOR,0,Liver,,Illumina NovaSeq 6000,other,genomic,OTHER,genomic DNA,Homo sapiens,GPL24676,F,NOR,0,,,H3K27ac,0,,0,0,0,Liver,,SRA,Liver,https://www.ncbi.nlm.nih.gov/sra?term=SRX24510455,,YJW923_nor_H3K27ac_cutrun
GSM8260308,F,NAFL,1,Liver,,Illumina NovaSeq 6000,other,genomic,OTHER,genomic DNA,Homo sapiens,GPL24676,F,NAFL,0,,,H3K27ac,0,,0,0,1,Liver,,SRA,Liver,https://www.ncbi.nlm.nih.gov/sra?term=SRX24510456,,NWX937_nafl_H3K27ac_cutrun
GSM8260309,F,NASH_F1,2,Liver,,Illumina NovaSeq 6000,other,genomic,OTHER,genomic DNA,Homo sapiens,GPL24676,F,NASH_F1,2,,,H3K27ac,1,,2,0,2,Liver,,SRA,Liver,https://www.ncbi.nlm.nih.gov/sra?term=SRX24510457,,JDH172_nash_f1_H3K27ac_cutrun
GSM8260310,M,NASH_F0,1,Liver,,Illumina NovaSeq 6000,other,genomic,OTHER,genomic DNA,Homo sapiens,GPL24676,M,NASH_F0,1,,,H3K27ac,0,,1,0,1,Liver,,SRA,Liver,https://www.ncbi.nlm.nih.gov/sra?term=SRX24510482,,EJV194_nash_f0_H3K27ac_cutrun
GSM8260311,F,NAFL,1,Liver,,Illumina NovaSeq 6000,other,genomic,OTHER,genomic DNA,Homo sapiens,GPL24676,F,NAFL,0,,,H3K27ac,0,,1,1,1,Liver,,SRA,Liver,https://www.ncbi.nlm.nih.gov/sra?term=SRX24510483,,QDY893_nafl_H3K27ac_cutrun
GSM8260312,F,NASH_F23,1,Liver,,Illumina NovaSeq 6000,other,genomic,OTHER,genomic DNA,Homo sapiens,GPL24676,F,NASH_F23,2,,,H3K27ac,3,,1,0,1,Liver,,SRA,Liver,https://www.ncbi.nlm.nih.gov/sra?term=SRX24510484,,DNM623_nash_f23_H3K27ac_cutrun
GSM8260313,,,,liver,no treatment,Illumina NovaSeq 6000,other,genomic,OTHER,genomic DNA,Homo sapiens,GPL24676,,,,HSC,,H3K27ac,,,,,,liver,no treatment,SRA,liver,https://www.ncbi.nlm.nih.gov/sra?term=SRX24510377,,HSC001_H3K27ac_R1
GSM8260314,,,,liver,no treatment,Illumina NovaSeq 6000,other,genomic,OTHER,genomic DNA,Homo sapiens,GPL24676,,,,HSC,,H3K27ac,,,,,,liver,no treatment,SRA,liver,https://www.ncbi.nlm.nih.gov/sra?term=SRX24510378,,HSC001_H3K27ac_R2
GSM8260315,,,,liver,no treatment,Illumina NovaSeq 6000,other,genomic,OTHER,genomic DNA,Homo sapiens,GPL24676,,,,HSC,,H3K27ac,,,,,,liver,no treatment,SRA,liver,https://www.ncbi.nlm.nih.gov/sra?term=SRX24510379,,HSC001_H3K27ac_R3
GSM8260316,,,,liver,HSC electroporoated with non-targeting gRNA,Illumina NovaSeq 6000,other,genomic,OTHER,genomic DNA,Homo sapiens,GPL24676,,,,HSC,,H3K27ac,,,,,,liver,HSC electroporoated with non-targeting gRNA,SRA,liver,https://www.ncbi.nlm.nih.gov/sra?term=SRX24510380,,HSC131_hNTO_H3K27ac_R1
GSM8260317,,,,liver,HSC electroporoated with non-targeting gRNA,Illumina NovaSeq 6000,other,genomic,OTHER,genomic DNA,Homo sapiens,GPL24676,,,,HSC,,H3K27ac,,,,,,liver,HSC electroporoated with non-targeting gRNA,SRA,liver,https://www.ncbi.nlm.nih.gov/sra?term=SRX24510381,,HSC131_hNTO_H3K27ac_R2
GSM8260318,,,,liver,HSC electroporoated with non-targeting gRNA,Illumina NovaSeq 6000,other,genomic,OTHER,genomic DNA,Homo sapiens,GPL24676,,,,HSC,,H3K27ac,,,,,,liver,HSC electroporoated with non-targeting gRNA,SRA,liver,https://www.ncbi.nlm.nih.gov/sra?term=SRX24510382,,HSC131_hNTO_H3K27ac_R3
GSM8260319,,,,liver,HSC electroporated with a pooled set of guide RNAs targeting ZNF469 gene,Illumina NovaSeq 6000,other,genomic,OTHER,genomic DNA,Homo sapiens,GPL24676,,,,HSC,,H3K27ac,,,,,,liver,HSC electroporated with a pooled set of guide RNAs targeting ZNF469 gene,SRA,liver,https://www.ncbi.nlm.nih.gov/sra?term=SRX24510383,,HSC131_ZNF469_H3K27ac_R1
GSM8260320,,,,liver,HSC electroporated with a pooled set of guide RNAs targeting ZNF469 gene,Illumina NovaSeq 6000,other,genomic,OTHER,genomic DNA,Homo sapiens,GPL24676,,,,HSC,,H3K27ac,,,,,,liver,HSC electroporated with a pooled set of guide RNAs targeting ZNF469 gene,SRA,liver,https://www.ncbi.nlm.nih.gov/sra?term=SRX24510384,,HSC131_ZNF469_H3K27ac_R2
GSM8260321,,,,liver,HSC electroporated with a pooled set of guide RNAs targeting ZNF469 gene,Illumina NovaSeq 6000,other,genomic,OTHER,genomic DNA,Homo sapiens,GPL24676,,,,HSC,,H3K27ac,,,,,,liver,HSC electroporated with a pooled set of guide RNAs targeting ZNF469 gene,SRA,liver,https://www.ncbi.nlm.nih.gov/sra?term=SRX24510385,,HSC131_ZNF469_H3K27ac_R3
GSM8260322,,,,,,Illumina NovaSeq 6000,other,genomic,OTHER,genomic DNA,Homo sapiens,GPL24676,,,,HSC,,ZNF469,,,,,,,,SRA,HSC,https://www.ncbi.nlm.nih.gov/sra?term=SRX24510622,,HSC131_ZNFAb_hNTO_R1
GSM8260323,,,,,,Illumina NovaSeq 6000,other,genomic,OTHER,genomic DNA,Homo sapiens,GPL24676,,,,HSC,,ZNF469,,,,,,,,SRA,HSC,https://www.ncbi.nlm.nih.gov/sra?term=SRX24510623,,HSC131_ZNFAb_hNTO_R2
GSM8260324,,,,,,Illumina NovaSeq 6000,other,genomic,OTHER,genomic DNA,Homo sapiens,GPL24676,,,,HSC,,ZNF469,,,,,,,,SRA,HSC,https://www.ncbi.nlm.nih.gov/sra?term=SRX24510624,,HSC131_ZNFAb_hNTO_R3
GSM8260325,,,,,,Illumina NovaSeq 6000,other,genomic,OTHER,genomic DNA,Homo sapiens,GPL24676,,,,HSC,,ZNF469,,,,,,,,SRA,HSC,https://www.ncbi.nlm.nih.gov/sra?term=SRX24510625,,HSC131_ZNF469_ZNFAb_R1
GSM8260326,,,,,,Illumina NovaSeq 6000,other,genomic,OTHER,genomic DNA,Homo sapiens,GPL24676,,,,HSC,,ZNF469,,,,,,,,SRA,HSC,https://www.ncbi.nlm.nih.gov/sra?term=SRX24510626,,HSC131_ZNF469_ZNFAb_R2
GSM8260327,,,,,,Illumina NovaSeq 6000,other,genomic,OTHER,genomic DNA,Homo sapiens,GPL24676,,,,HSC,,ZNF469,,,,,,,,SRA,HSC,https://www.ncbi.nlm.nih.gov/sra?term=SRX24510627,,HSC131_ZNF469_ZNFAb_R3
GSM8260328,,,,,,Illumina NovaSeq 6000,other,genomic,OTHER,genomic DNA,Homo sapiens,GPL24676,,,,LX2,,ZNF469,,,,,,,,SRA,LX2,https://www.ncbi.nlm.nih.gov/sra?term=SRX24509993,,ZNF469_clone3.1_ZNF469_dZF_DOX_rep1
GSM8260329,,,,,,Illumina NovaSeq 6000,other,genomic,OTHER,genomic DNA,Homo sapiens,GPL24676,,,,LX2,,ZNF469,,,,,,,,SRA,LX2,https://www.ncbi.nlm.nih.gov/sra?term=SRX24509994,,ZNF469_clone3.1_ZNF469_dZF_DOX_rep2
GSM8260330,,,,,,Illumina NovaSeq 6000,other,genomic,OTHER,genomic DNA,Homo sapiens,GPL24676,,,,LX2,,ZNF469,,,,,,,,SRA,LX2,https://www.ncbi.nlm.nih.gov/sra?term=SRX24509995,,ZNF469_clone3.1_ZNF469_dZF_DOX_rep3
GSM8260331,,,,,,Illumina NovaSeq 6000,other,genomic,OTHER,genomic DNA,Homo sapiens,GPL24676,,,,LX2,,ZNF469,,,,,,,,SRA,LX2,https://www.ncbi.nlm.nih.gov/sra?term=SRX24509996,,ZNF469_clone3.4_ZNF469_DOX_rep1
GSM8260332,,,,,,Illumina NovaSeq 6000,other,genomic,OTHER,genomic DNA,Homo sapiens,GPL24676,,,,LX2,,ZNF469,,,,,,,,SRA,LX2,https://www.ncbi.nlm.nih.gov/sra?term=SRX24509997,,ZNF469_clone3.4_ZNF469_DOX_rep2
GSM8260333,,,,,,Illumina NovaSeq 6000,other,genomic,OTHER,genomic DNA,Homo sapiens,GPL24676,,,,LX2,,ZNF469,,,,,,,,SRA,LX2,https://www.ncbi.nlm.nih.gov/sra?term=SRX24509998,,ZNF469_clone3.4_ZNF469_DOX_rep3
GSM8260334,,,,Liver,high fat diet,Illumina NovaSeq 6000,cDNA,transcriptomic,RNA-Seq,polyA RNA,Mus musculus,GPL24247,,,,,,,,,,,,Liver,high fat diet,SRA,Liver,https://www.ncbi.nlm.nih.gov/sra?term=SRX24510632,,FFD_mouse_R1
GSM8260335,,,,Liver,high fat diet,Illumina NovaSeq 6000,cDNA,transcriptomic,RNA-Seq,polyA RNA,Mus musculus,GPL24247,,,,,,,,,,,,Liver,high fat diet,SRA,Liver,https://www.ncbi.nlm.nih.gov/sra?term=SRX24510633,,FFD_mouse_R2
GSM8260336,,,,Liver,high fat diet,Illumina NovaSeq 6000,cDNA,transcriptomic,RNA-Seq,polyA RNA,Mus musculus,GPL24247,,,,,,,,,,,,Liver,high fat diet,SRA,Liver,https://www.ncbi.nlm.nih.gov/sra?term=SRX24510634,,FFD_mouse_R3
GSM8260337,,,,Liver,high fat diet,Illumina NovaSeq 6000,cDNA,transcriptomic,RNA-Seq,polyA RNA,Mus musculus,GPL24247,,,,,,,,,,,,Liver,high fat diet,SRA,Liver,https://www.ncbi.nlm.nih.gov/sra?term=SRX24510635,,FFD_mouse_R4
GSM8260338,,,,Liver,high fat diet,Illumina NovaSeq 6000,cDNA,transcriptomic,RNA-Seq,polyA RNA,Mus musculus,GPL24247,,,,,,,,,,,,Liver,high fat diet,SRA,Liver,https://www.ncbi.nlm.nih.gov/sra?term=SRX24510636,,FFD_mouse_R5
GSM8260339,,,,Liver,high fat diet,Illumina NovaSeq 6000,cDNA,transcriptomic,RNA-Seq,polyA RNA,Mus musculus,GPL24247,,,,,,,,,,,,Liver,high fat diet,SRA,Liver,https://www.ncbi.nlm.nih.gov/sra?term=SRX24510637,,FFD_mouse_R6
GSM8260340,,,,Liver,high fat diet,Illumina NovaSeq 6000,cDNA,transcriptomic,RNA-Seq,polyA RNA,Mus musculus,GPL24247,,,,,,,,,,,,Liver,high fat diet,SRA,Liver,https://www.ncbi.nlm.nih.gov/sra?term=SRX24510638,,FFD_mouse_R7
GSM8260341,,,,Liver,high fat diet,Illumina NovaSeq 6000,cDNA,transcriptomic,RNA-Seq,polyA RNA,Mus musculus,GPL24247,,,,,,,,,,,,Liver,high fat diet,SRA,Liver,https://www.ncbi.nlm.nih.gov/sra?term=SRX24510639,,FFD_mouse_R8
GSM8260342,,,,Liver,high fat diet,Illumina NovaSeq 6000,cDNA,transcriptomic,RNA-Seq,polyA RNA,Mus musculus,GPL24247,,,,,,,,,,,,Liver,high fat diet,SRA,Liver,https://www.ncbi.nlm.nih.gov/sra?term=SRX24510640,,FFD_mouse_R9
GSM8260343,,,,Liver,high fat diet,Illumina NovaSeq 6000,cDNA,transcriptomic,RNA-Seq,polyA RNA,Mus musculus,GPL24247,,,,,,,,,,,,Liver,high fat diet,SRA,Liver,https://www.ncbi.nlm.nih.gov/sra?term=SRX24510641,,FFD_mouse_R10
GSM8260344,,,,Liver,high fat diet,Illumina NovaSeq 6000,cDNA,transcriptomic,RNA-Seq,polyA RNA,Mus musculus,GPL24247,,,,,,,,,,,,Liver,high fat diet,SRA,Liver,https://www.ncbi.nlm.nih.gov/sra?term=SRX24510642,,FFD_mouse_R11
GSM8260345,,,,Liver,high fat diet,Illumina NovaSeq 6000,cDNA,transcriptomic,RNA-Seq,polyA RNA,Mus musculus,GPL24247,,,,,,,,,,,,Liver,high fat diet,SRA,Liver,https://www.ncbi.nlm.nih.gov/sra?term=SRX24510643,,FFD_mouse_R12
GSM8260346,,,,Liver,control diet,Illumina NovaSeq 6000,cDNA,transcriptomic,RNA-Seq,polyA RNA,Mus musculus,GPL24247,,,,,,,,,,,,Liver,control diet,SRA,Liver,https://www.ncbi.nlm.nih.gov/sra?term=SRX24510644,,FFD_Ctrl_mouse_R1
GSM8260347,,,,Liver,control diet,Illumina NovaSeq 6000,cDNA,transcriptomic,RNA-Seq,polyA RNA,Mus musculus,GPL24247,,,,,,,,,,,,Liver,control diet,SRA,Liver,https://www.ncbi.nlm.nih.gov/sra?term=SRX24510645,,FFD_Ctrl_mouse_R2
GSM8260348,,,,Liver,control diet,Illumina NovaSeq 6000,cDNA,transcriptomic,RNA-Seq,polyA RNA,Mus musculus,GPL24247,,,,,,,,,,,,Liver,control diet,SRA,Liver,https://www.ncbi.nlm.nih.gov/sra?term=SRX24510646,,FFD_Ctrl_mouse_R3
GSM8260349,,,,Liver,control diet,Illumina NovaSeq 6000,cDNA,transcriptomic,RNA-Seq,polyA RNA,Mus musculus,GPL24247,,,,,,,,,,,,Liver,control diet,SRA,Liver,https://www.ncbi.nlm.nih.gov/sra?term=SRX24510647,,FFD_Ctrl_mouse_R4
GSM8260350,,,,Liver,control diet,Illumina NovaSeq 6000,cDNA,transcriptomic,RNA-Seq,polyA RNA,Mus musculus,GPL24247,,,,,,,,,,,,Liver,control diet,SRA,Liver,https://www.ncbi.nlm.nih.gov/sra?term=SRX24510648,,FFD_Ctrl_mouse_R5
GSM8260351,,,,Liver,control diet,Illumina NovaSeq 6000,cDNA,transcriptomic,RNA-Seq,polyA RNA,Mus musculus,GPL24247,,,,,,,,,,,,Liver,control diet,SRA,Liver,https://www.ncbi.nlm.nih.gov/sra?term=SRX24510649,,FFD_Ctrl_mouse_R6
GSM8260352,,,,Liver,control diet,Illumina NovaSeq 6000,cDNA,transcriptomic,RNA-Seq,polyA RNA,Mus musculus,GPL24247,,,,,,,,,,,,Liver,control diet,SRA,Liver,https://www.ncbi.nlm.nih.gov/sra?term=SRX24510650,,FFD_Ctrl_mouse_R7
GSM8260353,,,,Liver,control diet,Illumina NovaSeq 6000,cDNA,transcriptomic,RNA-Seq,polyA RNA,Mus musculus,GPL24247,,,,,,,,,,,,Liver,control diet,SRA,Liver,https://www.ncbi.nlm.nih.gov/sra?term=SRX24510651,,FFD_Ctrl_mouse_R8
GSM8260354,,,,Liver,control diet,Illumina NovaSeq 6000,cDNA,transcriptomic,RNA-Seq,polyA RNA,Mus musculus,GPL24247,,,,,,,,,,,,Liver,control diet,SRA,Liver,https://www.ncbi.nlm.nih.gov/sra?term=SRX24510652,,FFD_Ctrl_mouse_R9
GSM8260355,,,,Liver,control diet,Illumina NovaSeq 6000,cDNA,transcriptomic,RNA-Seq,polyA RNA,Mus musculus,GPL24247,,,,,,,,,,,,Liver,control diet,SRA,Liver,https://www.ncbi.nlm.nih.gov/sra?term=SRX24510653,,FFD_Ctrl_mouse_R10
GSM8260356,,,,Liver,control diet,Illumina NovaSeq 6000,cDNA,transcriptomic,RNA-Seq,polyA RNA,Mus musculus,GPL24247,,,,,,,,,,,,Liver,control diet,SRA,Liver,https://www.ncbi.nlm.nih.gov/sra?term=SRX24510654,,FFD_Ctrl_mouse_R11
GSM8260357,,,,Liver,control diet,Illumina NovaSeq 6000,cDNA,transcriptomic,RNA-Seq,polyA RNA,Mus musculus,GPL24247,,,,,,,,,,,,Liver,control diet,SRA,Liver,https://www.ncbi.nlm.nih.gov/sra?term=SRX24510655,,FFD_Ctrl_mouse_R12
GSM8260358,,,,Liver,control diet,Illumina NovaSeq 6000,cDNA,transcriptomic,RNA-Seq,polyA RNA,Mus musculus,GPL24247,,,,,,,,,,,,Liver,control diet,SRA,Liver,https://www.ncbi.nlm.nih.gov/sra?term=SRX24512032,,MCD_Ctrl_mouse_R1
GSM8260359,,,,Liver,control diet,Illumina NovaSeq 6000,cDNA,transcriptomic,RNA-Seq,polyA RNA,Mus musculus,GPL24247,,,,,,,,,,,,Liver,control diet,SRA,Liver,https://www.ncbi.nlm.nih.gov/sra?term=SRX24512033,,MCD_Ctrl_mouse_R2
GSM8260360,,,,Liver,control diet,Illumina NovaSeq 6000,cDNA,transcriptomic,RNA-Seq,polyA RNA,Mus musculus,GPL24247,,,,,,,,,,,,Liver,control diet,SRA,Liver,https://www.ncbi.nlm.nih.gov/sra?term=SRX24512034,,MCD_Ctrl_mouse_R3
GSM8260361,,,,Liver,control diet,Illumina NovaSeq 6000,cDNA,transcriptomic,RNA-Seq,polyA RNA,Mus musculus,GPL24247,,,,,,,,,,,,Liver,control diet,SRA,Liver,https://www.ncbi.nlm.nih.gov/sra?term=SRX24512035,,MCD_Ctrl_mouse_R4
GSM8260362,,,,Liver,control diet,Illumina NovaSeq 6000,cDNA,transcriptomic,RNA-Seq,polyA RNA,Mus musculus,GPL24247,,,,,,,,,,,,Liver,control diet,SRA,Liver,https://www.ncbi.nlm.nih.gov/sra?term=SRX24512036,,MCD_Ctrl_mouse_R5
GSM8260363,,,,Liver,control diet,Illumina NovaSeq 6000,cDNA,transcriptomic,RNA-Seq,polyA RNA,Mus musculus,GPL24247,,,,,,,,,,,,Liver,control diet,SRA,Liver,https://www.ncbi.nlm.nih.gov/sra?term=SRX24512037,,MCD_Ctrl_mouse_R6
GSM8260364,,,,Liver,control diet,Illumina NovaSeq 6000,cDNA,transcriptomic,RNA-Seq,polyA RNA,Mus musculus,GPL24247,,,,,,,,,,,,Liver,control diet,SRA,Liver,https://www.ncbi.nlm.nih.gov/sra?term=SRX24512038,,MCD_Ctrl_mouse_R7
GSM8260365,,,,Liver,control diet,Illumina NovaSeq 6000,cDNA,transcriptomic,RNA-Seq,polyA RNA,Mus musculus,GPL24247,,,,,,,,,,,,Liver,control diet,SRA,Liver,https://www.ncbi.nlm.nih.gov/sra?term=SRX24512039,,MCD_Ctrl_mouse_R8
GSM8260366,,,,Liver,control diet,Illumina NovaSeq 6000,cDNA,transcriptomic,RNA-Seq,polyA RNA,Mus musculus,GPL24247,,,,,,,,,,,,Liver,control diet,SRA,Liver,https://www.ncbi.nlm.nih.gov/sra?term=SRX24512040,,MCD_Ctrl_mouse_R9
GSM8260367,,,,Liver,control diet,Illumina NovaSeq 6000,cDNA,transcriptomic,RNA-Seq,polyA RNA,Mus musculus,GPL24247,,,,,,,,,,,,Liver,control diet,SRA,Liver,https://www.ncbi.nlm.nih.gov/sra?term=SRX24512041,,MCD_Ctrl_mouse_R10
GSM8260368,,,,Liver,control diet,Illumina NovaSeq 6000,cDNA,transcriptomic,RNA-Seq,polyA RNA,Mus musculus,GPL24247,,,,,,,,,,,,Liver,control diet,SRA,Liver,https://www.ncbi.nlm.nih.gov/sra?term=SRX24512042,,MCD_Ctrl_mouse_R11
GSM8260369,,,,Liver,control diet,Illumina NovaSeq 6000,cDNA,transcriptomic,RNA-Seq,polyA RNA,Mus musculus,GPL24247,,,,,,,,,,,,Liver,control diet,SRA,Liver,https://www.ncbi.nlm.nih.gov/sra?term=SRX24512043,,MCD_Ctrl_mouse_R12
GSM8260370,,,,Liver,methionine-choline deficient diet,Illumina NovaSeq 6000,cDNA,transcriptomic,RNA-Seq,polyA RNA,Mus musculus,GPL24247,,,,,,,,,,,,Liver,methionine-choline deficient diet,SRA,Liver,https://www.ncbi.nlm.nih.gov/sra?term=SRX24512044,,MCD_mouse_R1
GSM8260371,,,,Liver,methionine-choline deficient diet,Illumina NovaSeq 6000,cDNA,transcriptomic,RNA-Seq,polyA RNA,Mus musculus,GPL24247,,,,,,,,,,,,Liver,methionine-choline deficient diet,SRA,Liver,https://www.ncbi.nlm.nih.gov/sra?term=SRX24512045,,MCD_mouse_R2
GSM8260372,,,,Liver,methionine-choline deficient diet,Illumina NovaSeq 6000,cDNA,transcriptomic,RNA-Seq,polyA RNA,Mus musculus,GPL24247,,,,,,,,,,,,Liver,methionine-choline deficient diet,SRA,Liver,https://www.ncbi.nlm.nih.gov/sra?term=SRX24512046,,MCD_mouse_R3
GSM8260373,,,,Liver,methionine-choline deficient diet,Illumina NovaSeq 6000,cDNA,transcriptomic,RNA-Seq,polyA RNA,Mus musculus,GPL24247,,,,,,,,,,,,Liver,methionine-choline deficient diet,SRA,Liver,https://www.ncbi.nlm.nih.gov/sra?term=SRX24512047,,MCD_mouse_R4
GSM8260374,,,,Liver,methionine-choline deficient diet,Illumina NovaSeq 6000,cDNA,transcriptomic,RNA-Seq,polyA RNA,Mus musculus,GPL24247,,,,,,,,,,,,Liver,methionine-choline deficient diet,SRA,Liver,https://www.ncbi.nlm.nih.gov/sra?term=SRX24512048,,MCD_mouse_R5
GSM8260375,,,,Liver,methionine-choline deficient diet,Illumina NovaSeq 6000,cDNA,transcriptomic,RNA-Seq,polyA RNA,Mus musculus,GPL24247,,,,,,,,,,,,Liver,methionine-choline deficient diet,SRA,Liver,https://www.ncbi.nlm.nih.gov/sra?term=SRX24512049,,MCD_mouse_R6
GSM8260376,,,,Liver,methionine-choline deficient diet,Illumina NovaSeq 6000,cDNA,transcriptomic,RNA-Seq,polyA RNA,Mus musculus,GPL24247,,,,,,,,,,,,Liver,methionine-choline deficient diet,SRA,Liver,https://www.ncbi.nlm.nih.gov/sra?term=SRX24512050,,MCD_mouse_R7
GSM8260377,,,,Liver,methionine-choline deficient diet,Illumina NovaSeq 6000,cDNA,transcriptomic,RNA-Seq,polyA RNA,Mus musculus,GPL24247,,,,,,,,,,,,Liver,methionine-choline deficient diet,SRA,Liver,https://www.ncbi.nlm.nih.gov/sra?term=SRX24512051,,MCD_mouse_R8
GSM8260378,,,,Liver,methionine-choline deficient diet,Illumina NovaSeq 6000,cDNA,transcriptomic,RNA-Seq,polyA RNA,Mus musculus,GPL24247,,,,,,,,,,,,Liver,methionine-choline deficient diet,SRA,Liver,https://www.ncbi.nlm.nih.gov/sra?term=SRX24512052,,MCD_mouse_R9
GSM8260379,,,,Liver,methionine-choline deficient diet,Illumina NovaSeq 6000,cDNA,transcriptomic,RNA-Seq,polyA RNA,Mus musculus,GPL24247,,,,,,,,,,,,Liver,methionine-choline deficient diet,SRA,Liver,https://www.ncbi.nlm.nih.gov/sra?term=SRX24512053,,MCD_mouse_R10
GSM8260380,,,,Liver,methionine-choline deficient diet,Illumina NovaSeq 6000,cDNA,transcriptomic,RNA-Seq,polyA RNA,Mus musculus,GPL24247,,,,,,,,,,,,Liver,methionine-choline deficient diet,SRA,Liver,https://www.ncbi.nlm.nih.gov/sra?term=SRX24512054,,MCD_mouse_R11
GSM8260381,,,,Liver,methionine-choline deficient diet,Illumina NovaSeq 6000,cDNA,transcriptomic,RNA-Seq,polyA RNA,Mus musculus,GPL24247,,,,,,,,,,,,Liver,methionine-choline deficient diet,SRA,Liver,https://www.ncbi.nlm.nih.gov/sra?term=SRX24512055,,MCD_mouse_R12
GSM8260382,,,,Liver,standard chow diet along with addition of 0.165% DL Ethionine,Illumina NovaSeq 6000,cDNA,transcriptomic,RNA-Seq,polyA RNA,Mus musculus,GPL24247,,,,,,,,,,,,Liver,standard chow diet along with addition of 0.165% DL Ethionine,SRA,Liver,https://www.ncbi.nlm.nih.gov/sra?term=SRX24512058,,OBOB_Fibrotic_mouse_R1
GSM8260383,,,,Liver,standard chow diet along with addition of 0.165% DL Ethionine,Illumina NovaSeq 6000,cDNA,transcriptomic,RNA-Seq,polyA RNA,Mus musculus,GPL24247,,,,,,,,,,,,Liver,standard chow diet along with addition of 0.165% DL Ethionine,SRA,Liver,https://www.ncbi.nlm.nih.gov/sra?term=SRX24512059,,OBOB_Fibrotic_mouse_R2
GSM8260384,,,,Liver,standard chow diet along with addition of 0.165% DL Ethionine,Illumina NovaSeq 6000,cDNA,transcriptomic,RNA-Seq,polyA RNA,Mus musculus,GPL24247,,,,,,,,,,,,Liver,standard chow diet along with addition of 0.165% DL Ethionine,SRA,Liver,https://www.ncbi.nlm.nih.gov/sra?term=SRX24512060,,OBOB_Fibrotic_mouse_R3
GSM8260385,,,,Liver,standard chow diet along with addition of 0.165% DL Ethionine,Illumina NovaSeq 6000,cDNA,transcriptomic,RNA-Seq,polyA RNA,Mus musculus,GPL24247,,,,,,,,,,,,Liver,standard chow diet along with addition of 0.165% DL Ethionine,SRA,Liver,https://www.ncbi.nlm.nih.gov/sra?term=SRX24512061,,OBOB_Fibrotic_mouse_R4
GSM8260386,,,,Liver,standard chow diet along with addition of 0.165% DL Ethionine,Illumina NovaSeq 6000,cDNA,transcriptomic,RNA-Seq,polyA RNA,Mus musculus,GPL24247,,,,,,,,,,,,Liver,standard chow diet along with addition of 0.165% DL Ethionine,SRA,Liver,https://www.ncbi.nlm.nih.gov/sra?term=SRX24512062,,OBOB_Fibrotic_mouse_R5
GSM8260387,,,,Liver,standard chow diet along with addition of 0.165% DL Ethionine,Illumina NovaSeq 6000,cDNA,transcriptomic,RNA-Seq,polyA RNA,Mus musculus,GPL24247,,,,,,,,,,,,Liver,standard chow diet along with addition of 0.165% DL Ethionine,SRA,Liver,https://www.ncbi.nlm.nih.gov/sra?term=SRX24512063,,OBOB_Fibrotic_mouse_R6
GSM8260388,,,,Liver,standard chow diet,Illumina NovaSeq 6000,cDNA,transcriptomic,RNA-Seq,polyA RNA,Mus musculus,GPL24247,,,,,,,,,,,,Liver,standard chow diet,SRA,Liver,https://www.ncbi.nlm.nih.gov/sra?term=SRX24512064,,OBOB_FLO_mouse_R1
GSM8260389,,,,Liver,standard chow diet,Illumina NovaSeq 6000,cDNA,transcriptomic,RNA-Seq,polyA RNA,Mus musculus,GPL24247,,,,,,,,,,,,Liver,standard chow diet,SRA,Liver,https://www.ncbi.nlm.nih.gov/sra?term=SRX24512065,,OBOB_FLO_mouse_R2
GSM8260390,,,,Liver,standard chow diet,Illumina NovaSeq 6000,cDNA,transcriptomic,RNA-Seq,polyA RNA,Mus musculus,GPL24247,,,,,,,,,,,,Liver,standard chow diet,SRA,Liver,https://www.ncbi.nlm.nih.gov/sra?term=SRX24512066,,OBOB_FLO_mouse_R3
GSM8260391,,,,Liver,standard chow diet,Illumina NovaSeq 6000,cDNA,transcriptomic,RNA-Seq,polyA RNA,Mus musculus,GPL24247,,,,,,,,,,,,Liver,standard chow diet,SRA,Liver,https://www.ncbi.nlm.nih.gov/sra?term=SRX24512067,,OBOB_FLO_mouse_R4
GSM8260392,,,,Liver,standard chow diet,Illumina NovaSeq 6000,cDNA,transcriptomic,RNA-Seq,polyA RNA,Mus musculus,GPL24247,,,,,,,,,,,,Liver,standard chow diet,SRA,Liver,https://www.ncbi.nlm.nih.gov/sra?term=SRX24512068,,OBOB_FLO_mouse_R5
GSM8260393,,,,Liver,standard chow diet,Illumina NovaSeq 6000,cDNA,transcriptomic,RNA-Seq,polyA RNA,Mus musculus,GPL24247,,,,,,,,,,,,Liver,standard chow diet,SRA,Liver,https://www.ncbi.nlm.nih.gov/sra?term=SRX24512069,,OBOB_FLO_mouse_R6
GSM8314649,,,,Liver,,Illumina NovaSeq 6000,cDNA,transcriptomic,RNA-Seq,total RNA,Homo sapiens,GPL24676,,,,,,,,,,,,Liver,,SRA,Liver,https://www.ncbi.nlm.nih.gov/sra?term=SRX24829259,,KYL112
GSM8314650,,,,Liver,,Illumina NovaSeq 6000,cDNA,transcriptomic,RNA-Seq,total RNA,Homo sapiens,GPL24676,,,,,,,,,,,,Liver,,SRA,Liver,https://www.ncbi.nlm.nih.gov/sra?term=SRX24829265,,YYD440
GSM8314651,,,,Liver,,Illumina NovaSeq 6000,cDNA,transcriptomic,RNA-Seq,total RNA,Homo sapiens,GPL24676,,,,,,,,,,,,Liver,,SRA,Liver,https://www.ncbi.nlm.nih.gov/sra?term=SRX24829193,,MRA483
GSM8314652,,,,Liver,,Illumina NovaSeq 6000,cDNA,transcriptomic,RNA-Seq,total RNA,Homo sapiens,GPL24676,,,,,,,,,,,,Liver,,SRA,Liver,https://www.ncbi.nlm.nih.gov/sra?term=SRX24829194,,YJW923
GSM8314653,,,,Liver,,Illumina NovaSeq 6000,cDNA,transcriptomic,RNA-Seq,total RNA,Homo sapiens,GPL24676,,,,,,,,,,,,Liver,,SRA,Liver,https://www.ncbi.nlm.nih.gov/sra?term=SRX24829221,,RJR816
GSM8314654,,,,Liver,,Illumina NovaSeq 6000,cDNA,transcriptomic,RNA-Seq,total RNA,Homo sapiens,GPL24676,,,,,,,,,,,,Liver,,SRA,Liver,https://www.ncbi.nlm.nih.gov/sra?term=SRX24829238,,JDH172
GSM8314655,,,,Liver,,Illumina NovaSeq 6000,cDNA,transcriptomic,RNA-Seq,total RNA,Homo sapiens,GPL24676,,,,,,,,,,,,Liver,,SRA,Liver,https://www.ncbi.nlm.nih.gov/sra?term=SRX24829249,,ZOD891
GSM8314656,,,,Liver,,Illumina NovaSeq 6000,cDNA,transcriptomic,RNA-Seq,total RNA,Homo sapiens,GPL24676,,,,,,,,,,,,Liver,,SRA,Liver,https://www.ncbi.nlm.nih.gov/sra?term=SRX24829316,,OKQ881
GSM8314657,,,,Liver,,Illumina NovaSeq 6000,cDNA,transcriptomic,RNA-Seq,total RNA,Homo sapiens,GPL24676,,,,,,,,,,,,Liver,,SRA,Liver,https://www.ncbi.nlm.nih.gov/sra?term=SRX24829327,,KFZ933
GSM8314658,,,,Liver,,Illumina NovaSeq 6000,cDNA,transcriptomic,RNA-Seq,total RNA,Homo sapiens,GPL24676,,,,,,,,,,,,Liver,,SRA,Liver,https://www.ncbi.nlm.nih.gov/sra?term=SRX24829254,,KCX451
GSM8314659,,,,Liver,,Illumina NovaSeq 6000,cDNA,transcriptomic,RNA-Seq,total RNA,Homo sapiens,GPL24676,,,,,,,,,,,,Liver,,SRA,Liver,https://www.ncbi.nlm.nih.gov/sra?term=SRX24829346,,OXX116
GSM8314660,,,,Liver,,Illumina NovaSeq 6000,cDNA,transcriptomic,RNA-Seq,total RNA,Homo sapiens,GPL24676,,,,,,,,,,,,Liver,,SRA,Liver,https://www.ncbi.nlm.nih.gov/sra?term=SRX24829276,,ROL427
GSM8314661,,,,Liver,,Illumina NovaSeq 6000,cDNA,transcriptomic,RNA-Seq,total RNA,Homo sapiens,GPL24676,,,,,,,,,,,,Liver,,SRA,Liver,https://www.ncbi.nlm.nih.gov/sra?term=SRX24829195,,LMT575
GSM8314662,,,,Liver,,Illumina NovaSeq 6000,cDNA,transcriptomic,RNA-Seq,total RNA,Homo sapiens,GPL24676,,,,,,,,,,,,Liver,,SRA,Liver,https://www.ncbi.nlm.nih.gov/sra?term=SRX24829290,,SEG748
GSM8314663,,,,Liver,,Illumina NovaSeq 6000,cDNA,transcriptomic,RNA-Seq,total RNA,Homo sapiens,GPL24676,,,,,,,,,,,,Liver,,SRA,Liver,https://www.ncbi.nlm.nih.gov/sra?term=SRX24829301,,HKD846
GSM8314664,,,,Liver,,Illumina NovaSeq 6000,cDNA,transcriptomic,RNA-Seq,total RNA,Homo sapiens,GPL24676,,,,,,,,,,,,Liver,,SRA,Liver,https://www.ncbi.nlm.nih.gov/sra?term=SRX24829379,,QCX420
GSM8314665,,,,Liver,,Illumina NovaSeq 6000,cDNA,transcriptomic,RNA-Seq,total RNA,Homo sapiens,GPL24676,,,,,,,,,,,,Liver,,SRA,Liver,https://www.ncbi.nlm.nih.gov/sra?term=SRX24829357,,WXI496
GSM8314666,,,,Liver,,Illumina NovaSeq 6000,cDNA,transcriptomic,RNA-Seq,total RNA,Homo sapiens,GPL24676,,,,,,,,,,,,Liver,,SRA,Liver,https://www.ncbi.nlm.nih.gov/sra?term=SRX24829368,,HOY965
GSM8314667,,,,Liver,,Illumina NovaSeq 6000,cDNA,transcriptomic,RNA-Seq,total RNA,Homo sapiens,GPL24676,,,,,,,,,,,,Liver,,SRA,Liver,https://www.ncbi.nlm.nih.gov/sra?term=SRX24829435,,QTB333
GSM8314668,,,,Liver,,Illumina NovaSeq 6000,cDNA,transcriptomic,RNA-Seq,total RNA,Homo sapiens,GPL24676,,,,,,,,,,,,Liver,,SRA,Liver,https://www.ncbi.nlm.nih.gov/sra?term=SRX24829446,,NIV336
GSM8314669,,,,Liver,,Illumina NovaSeq 6000,cDNA,transcriptomic,RNA-Seq,total RNA,Homo sapiens,GPL24676,,,,,,,,,,,,Liver,,SRA,Liver,https://www.ncbi.nlm.nih.gov/sra?term=SRX24829199,,XCC841
GSM8314670,,,,Liver,,Illumina NovaSeq 6000,cDNA,transcriptomic,RNA-Seq,total RNA,Homo sapiens,GPL24676,,,,,,,,,,,,Liver,,SRA,Liver,https://www.ncbi.nlm.nih.gov/sra?term=SRX24829210,,SLR4892
GSM8314671,,,,Liver,,Illumina NovaSeq 6000,cDNA,transcriptomic,RNA-Seq,total RNA,Homo sapiens,GPL24676,,,,,,,,,,,,Liver,,SRA,Liver,https://www.ncbi.nlm.nih.gov/sra?term=SRX24829222,,AXJ903
GSM8314672,,,,Liver,,Illumina NovaSeq 6000,cDNA,transcriptomic,RNA-Seq,total RNA,Homo sapiens,GPL24676,,,,,,,,,,,,Liver,,SRA,Liver,https://www.ncbi.nlm.nih.gov/sra?term=SRX24829390,,WGK828
GSM8314673,,,,Liver,,Illumina NovaSeq 6000,cDNA,transcriptomic,RNA-Seq,total RNA,Homo sapiens,GPL24676,,,,,,,,,,,,Liver,,SRA,Liver,https://www.ncbi.nlm.nih.gov/sra?term=SRX24829401,,JUT827
GSM8314674,,,,Liver,,Illumina NovaSeq 6000,cDNA,transcriptomic,RNA-Seq,total RNA,Homo sapiens,GPL24676,,,,,,,,,,,,Liver,,SRA,Liver,https://www.ncbi.nlm.nih.gov/sra?term=SRX24829412,,SDR783
GSM8314675,,,,Liver,,Illumina NovaSeq 6000,cDNA,transcriptomic,RNA-Seq,total RNA,Homo sapiens,GPL24676,,,,,,,,,,,,Liver,,SRA,Liver,https://www.ncbi.nlm.nih.gov/sra?term=SRX24829423,,HYC397
GSM8314676,,,,Liver,,Illumina NovaSeq 6000,cDNA,transcriptomic,RNA-Seq,total RNA,Homo sapiens,GPL24676,,,,,,,,,,,,Liver,,SRA,Liver,https://www.ncbi.nlm.nih.gov/sra?term=SRX24829232,,QKY201
GSM8314677,,,,Liver,,Illumina NovaSeq 6000,cDNA,transcriptomic,RNA-Seq,total RNA,Homo sapiens,GPL24676,,,,,,,,,,,,Liver,,SRA,Liver,https://www.ncbi.nlm.nih.gov/sra?term=SRX24829245,,VBR963
GSM8314678,,,,Liver,,Illumina NovaSeq 6000,cDNA,transcriptomic,RNA-Seq,total RNA,Homo sapiens,GPL24676,,,,,,,,,,,,Liver,,SRA,Liver,https://www.ncbi.nlm.nih.gov/sra?term=SRX24829235,,CLU626
GSM8314679,,,,Liver,,Illumina NovaSeq 6000,cDNA,transcriptomic,RNA-Seq,total RNA,Homo sapiens,GPL24676,,,,,,,,,,,,Liver,,SRA,Liver,https://www.ncbi.nlm.nih.gov/sra?term=SRX24829236,,REI423
GSM8314680,,,,Liver,,Illumina NovaSeq 6000,cDNA,transcriptomic,RNA-Seq,total RNA,Homo sapiens,GPL24676,,,,,,,,,,,,Liver,,SRA,Liver,https://www.ncbi.nlm.nih.gov/sra?term=SRX24829237,,JWQ775
GSM8314681,,,,Liver,,Illumina NovaSeq 6000,cDNA,transcriptomic,RNA-Seq,total RNA,Homo sapiens,GPL24676,,,,,,,,,,,,Liver,,SRA,Liver,https://www.ncbi.nlm.nih.gov/sra?term=SRX24829239,,UDF695
GSM8314682,,,,Liver,,Illumina NovaSeq 6000,cDNA,transcriptomic,RNA-Seq,total RNA,Homo sapiens,GPL24676,,,,,,,,,,,,Liver,,SRA,Liver,https://www.ncbi.nlm.nih.gov/sra?term=SRX24829240,,YKD902
GSM8314683,,,,Liver,,Illumina NovaSeq 6000,cDNA,transcriptomic,RNA-Seq,total RNA,Homo sapiens,GPL24676,,,,,,,,,,,,Liver,,SRA,Liver,https://www.ncbi.nlm.nih.gov/sra?term=SRX24829241,,XQE847
GSM8314684,,,,Liver,,Illumina NovaSeq 6000,cDNA,transcriptomic,RNA-Seq,total RNA,Homo sapiens,GPL24676,,,,,,,,,,,,Liver,,SRA,Liver,https://www.ncbi.nlm.nih.gov/sra?term=SRX24829242,,JFL906
GSM8314685,,,,Liver,,Illumina NovaSeq 6000,cDNA,transcriptomic,RNA-Seq,total RNA,Homo sapiens,GPL24676,,,,,,,,,,,,Liver,,SRA,Liver,https://www.ncbi.nlm.nih.gov/sra?term=SRX24829243,,JTN948
GSM8314686,,,,Liver,,Illumina NovaSeq 6000,cDNA,transcriptomic,RNA-Seq,total RNA,Homo sapiens,GPL24676,,,,,,,,,,,,Liver,,SRA,Liver,https://www.ncbi.nlm.nih.gov/sra?term=SRX24829244,,PNT686
GSM8314687,,,,Liver,,Illumina NovaSeq 6000,cDNA,transcriptomic,RNA-Seq,total RNA,Homo sapiens,GPL24676,,,,,,,,,,,,Liver,,SRA,Liver,https://www.ncbi.nlm.nih.gov/sra?term=SRX24829246,,GDJ739
GSM8314688,,,,Liver,,Illumina NovaSeq 6000,cDNA,transcriptomic,RNA-Seq,total RNA,Homo sapiens,GPL24676,,,,,,,,,,,,Liver,,SRA,Liver,https://www.ncbi.nlm.nih.gov/sra?term=SRX24829247,,VVI446
GSM8314689,,,,Liver,,Illumina NovaSeq 6000,cDNA,transcriptomic,RNA-Seq,total RNA,Homo sapiens,GPL24676,,,,,,,,,,,,Liver,,SRA,Liver,https://www.ncbi.nlm.nih.gov/sra?term=SRX24829248,,LQF210
GSM8314690,,,,Liver,,Illumina NovaSeq 6000,cDNA,transcriptomic,RNA-Seq,total RNA,Homo sapiens,GPL24676,,,,,,,,,,,,Liver,,SRA,Liver,https://www.ncbi.nlm.nih.gov/sra?term=SRX24829250,,UHL541
GSM8314691,,,,Liver,,Illumina NovaSeq 6000,cDNA,transcriptomic,RNA-Seq,total RNA,Homo sapiens,GPL24676,,,,,,,,,,,,Liver,,SRA,Liver,https://www.ncbi.nlm.nih.gov/sra?term=SRX24829251,,XPP673
GSM8314692,,,,Liver,,Illumina NovaSeq 6000,cDNA,transcriptomic,RNA-Seq,total RNA,Homo sapiens,GPL24676,,,,,,,,,,,,Liver,,SRA,Liver,https://www.ncbi.nlm.nih.gov/sra?term=SRX24829252,,YHB234
GSM8314693,,,,Liver,,Illumina NovaSeq 6000,cDNA,transcriptomic,RNA-Seq,total RNA,Homo sapiens,GPL24676,,,,,,,,,,,,Liver,,SRA,Liver,https://www.ncbi.nlm.nih.gov/sra?term=SRX24829309,,EJV194
GSM8314694,,,,Liver,,Illumina NovaSeq 6000,cDNA,transcriptomic,RNA-Seq,total RNA,Homo sapiens,GPL24676,,,,,,,,,,,,Liver,,SRA,Liver,https://www.ncbi.nlm.nih.gov/sra?term=SRX24829319,,YPG840
GSM8314695,,,,Liver,,Illumina NovaSeq 6000,cDNA,transcriptomic,RNA-Seq,total RNA,Homo sapiens,GPL24676,,,,,,,,,,,,Liver,,SRA,Liver,https://www.ncbi.nlm.nih.gov/sra?term=SRX24829310,,END612
GSM8314696,,,,Liver,,Illumina NovaSeq 6000,cDNA,transcriptomic,RNA-Seq,total RNA,Homo sapiens,GPL24676,,,,,,,,,,,,Liver,,SRA,Liver,https://www.ncbi.nlm.nih.gov/sra?term=SRX24829311,,CQW242
GSM8314697,,,,Liver,,Illumina NovaSeq 6000,cDNA,transcriptomic,RNA-Seq,total RNA,Homo sapiens,GPL24676,,,,,,,,,,,,Liver,,SRA,Liver,https://www.ncbi.nlm.nih.gov/sra?term=SRX24829312,,DCR810
GSM8314698,,,,Liver,,Illumina NovaSeq 6000,cDNA,transcriptomic,RNA-Seq,total RNA,Homo sapiens,GPL24676,,,,,,,,,,,,Liver,,SRA,Liver,https://www.ncbi.nlm.nih.gov/sra?term=SRX24829313,,KQF393
GSM8314699,,,,Liver,,Illumina NovaSeq 6000,cDNA,transcriptomic,RNA-Seq,total RNA,Homo sapiens,GPL24676,,,,,,,,,,,,Liver,,SRA,Liver,https://www.ncbi.nlm.nih.gov/sra?term=SRX24829314,,SQP633
GSM8314700,,,,Liver,,Illumina NovaSeq 6000,cDNA,transcriptomic,RNA-Seq,total RNA,Homo sapiens,GPL24676,,,,,,,,,,,,Liver,,SRA,Liver,https://www.ncbi.nlm.nih.gov/sra?term=SRX24829315,,PND513
GSM8314701,,,,Liver,,Illumina NovaSeq 6000,cDNA,transcriptomic,RNA-Seq,total RNA,Homo sapiens,GPL24676,,,,,,,,,,,,Liver,,SRA,Liver,https://www.ncbi.nlm.nih.gov/sra?term=SRX24829317,,FSM684
GSM8314702,,,,Liver,,Illumina NovaSeq 6000,cDNA,transcriptomic,RNA-Seq,total RNA,Homo sapiens,GPL24676,,,,,,,,,,,,Liver,,SRA,Liver,https://www.ncbi.nlm.nih.gov/sra?term=SRX24829318,,QJW266
GSM8314703,,,,Liver,,Illumina NovaSeq 6000,cDNA,transcriptomic,RNA-Seq,total RNA,Homo sapiens,GPL24676,,,,,,,,,,,,Liver,,SRA,Liver,https://www.ncbi.nlm.nih.gov/sra?term=SRX24829323,,SPI488
GSM8314704,,,,Liver,,Illumina NovaSeq 6000,cDNA,transcriptomic,RNA-Seq,total RNA,Homo sapiens,GPL24676,,,,,,,,,,,,Liver,,SRA,Liver,https://www.ncbi.nlm.nih.gov/sra?term=SRX24829320,,VCO315
GSM8314705,,,,Liver,,Illumina NovaSeq 6000,cDNA,transcriptomic,RNA-Seq,total RNA,Homo sapiens,GPL24676,,,,,,,,,,,,Liver,,SRA,Liver,https://www.ncbi.nlm.nih.gov/sra?term=SRX24829321,,MYN546
GSM8314706,,,,Liver,,Illumina NovaSeq 6000,cDNA,transcriptomic,RNA-Seq,total RNA,Homo sapiens,GPL24676,,,,,,,,,,,,Liver,,SRA,Liver,https://www.ncbi.nlm.nih.gov/sra?term=SRX24829322,,NJM268
GSM8314707,,,,Liver,,Illumina NovaSeq 6000,cDNA,transcriptomic,RNA-Seq,total RNA,Homo sapiens,GPL24676,,,,,,,,,,,,Liver,,SRA,Liver,https://www.ncbi.nlm.nih.gov/sra?term=SRX24829333,,QKK716
GSM8314708,,,,Liver,,Illumina NovaSeq 6000,cDNA,transcriptomic,RNA-Seq,total RNA,Homo sapiens,GPL24676,,,,,,,,,,,,Liver,,SRA,Liver,https://www.ncbi.nlm.nih.gov/sra?term=SRX24829324,,XDI475
GSM8314709,,,,Liver,,Illumina NovaSeq 6000,cDNA,transcriptomic,RNA-Seq,total RNA,Homo sapiens,GPL24676,,,,,,,,,,,,Liver,,SRA,Liver,https://www.ncbi.nlm.nih.gov/sra?term=SRX24829325,,XTU916
GSM8314710,,,,Liver,,Illumina NovaSeq 6000,cDNA,transcriptomic,RNA-Seq,total RNA,Homo sapiens,GPL24676,,,,,,,,,,,,Liver,,SRA,Liver,https://www.ncbi.nlm.nih.gov/sra?term=SRX24829326,,JVQ477
GSM8314711,,,,Liver,,Illumina NovaSeq 6000,cDNA,transcriptomic,RNA-Seq,total RNA,Homo sapiens,GPL24676,,,,,,,,,,,,Liver,,SRA,Liver,https://www.ncbi.nlm.nih.gov/sra?term=SRX24829328,,RFN819
GSM8314712,,,,Liver,,Illumina NovaSeq 6000,cDNA,transcriptomic,RNA-Seq,total RNA,Homo sapiens,GPL24676,,,,,,,,,,,,Liver,,SRA,Liver,https://www.ncbi.nlm.nih.gov/sra?term=SRX24829329,,SIT901
GSM8314713,,,,Liver,,Illumina NovaSeq 6000,cDNA,transcriptomic,RNA-Seq,total RNA,Homo sapiens,GPL24676,,,,,,,,,,,,Liver,,SRA,Liver,https://www.ncbi.nlm.nih.gov/sra?term=SRX24829330,,BRE547
GSM8314714,,,,Liver,,Illumina NovaSeq 6000,cDNA,transcriptomic,RNA-Seq,total RNA,Homo sapiens,GPL24676,,,,,,,,,,,,Liver,,SRA,Liver,https://www.ncbi.nlm.nih.gov/sra?term=SRX24829331,,LUH941
GSM8314715,,,,Liver,,Illumina NovaSeq 6000,cDNA,transcriptomic,RNA-Seq,total RNA,Homo sapiens,GPL24676,,,,,,,,,,,,Liver,,SRA,Liver,https://www.ncbi.nlm.nih.gov/sra?term=SRX24829332,,IBF935
GSM8314716,,,,Liver,,Illumina NovaSeq 6000,cDNA,transcriptomic,RNA-Seq,total RNA,Homo sapiens,GPL24676,,,,,,,,,,,,Liver,,SRA,Liver,https://www.ncbi.nlm.nih.gov/sra?term=SRX24829258,,GYZ241
GSM8314717,,,,Liver,,Illumina NovaSeq 6000,cDNA,transcriptomic,RNA-Seq,total RNA,Homo sapiens,GPL24676,,,,,,,,,,,,Liver,,SRA,Liver,https://www.ncbi.nlm.nih.gov/sra?term=SRX24829334,,KQC337
GSM8314718,,,,Liver,,Illumina NovaSeq 6000,cDNA,transcriptomic,RNA-Seq,total RNA,Homo sapiens,GPL24676,,,,,,,,,,,,Liver,,SRA,Liver,https://www.ncbi.nlm.nih.gov/sra?term=SRX24829335,,KZR101
GSM8314719,,,,Liver,,Illumina NovaSeq 6000,cDNA,transcriptomic,RNA-Seq,total RNA,Homo sapiens,GPL24676,,,,,,,,,,,,Liver,,SRA,Liver,https://www.ncbi.nlm.nih.gov/sra?term=SRX24829336,,VRE722
GSM8314720,,,,Liver,,Illumina NovaSeq 6000,cDNA,transcriptomic,RNA-Seq,total RNA,Homo sapiens,GPL24676,,,,,,,,,,,,Liver,,SRA,Liver,https://www.ncbi.nlm.nih.gov/sra?term=SRX24829253,,XYG500
GSM8314721,,,,Liver,,Illumina NovaSeq 6000,cDNA,transcriptomic,RNA-Seq,total RNA,Homo sapiens,GPL24676,,,,,,,,,,,,Liver,,SRA,Liver,https://www.ncbi.nlm.nih.gov/sra?term=SRX24829255,,REK696
GSM8314722,,,,Liver,,Illumina NovaSeq 6000,cDNA,transcriptomic,RNA-Seq,total RNA,Homo sapiens,GPL24676,,,,,,,,,,,,Liver,,SRA,Liver,https://www.ncbi.nlm.nih.gov/sra?term=SRX24829256,,OXK164
GSM8314723,,,,Liver,,Illumina NovaSeq 6000,cDNA,transcriptomic,RNA-Seq,total RNA,Homo sapiens,GPL24676,,,,,,,,,,,,Liver,,SRA,Liver,https://www.ncbi.nlm.nih.gov/sra?term=SRX24829257,,FKY810
GSM8314724,,,,Liver,,Illumina NovaSeq 6000,cDNA,transcriptomic,RNA-Seq,total RNA,Homo sapiens,GPL24676,,,,,,,,,,,,Liver,,SRA,Liver,https://www.ncbi.nlm.nih.gov/sra?term=SRX24829438,,XFO277
GSM8314725,,,,Liver,,Illumina NovaSeq 6000,cDNA,transcriptomic,RNA-Seq,total RNA,Homo sapiens,GPL24676,,,,,,,,,,,,Liver,,SRA,Liver,https://www.ncbi.nlm.nih.gov/sra?term=SRX24829264,,XPI774
GSM8314726,,,,Liver,,Illumina NovaSeq 6000,cDNA,transcriptomic,RNA-Seq,total RNA,Homo sapiens,GPL24676,,,,,,,,,,,,Liver,,SRA,Liver,https://www.ncbi.nlm.nih.gov/sra?term=SRX24829260,,KFY268
GSM8314727,,,,Liver,,Illumina NovaSeq 6000,cDNA,transcriptomic,RNA-Seq,total RNA,Homo sapiens,GPL24676,,,,,,,,,,,,Liver,,SRA,Liver,https://www.ncbi.nlm.nih.gov/sra?term=SRX24829261,,WIZ538
GSM8314728,,,,Liver,,Illumina NovaSeq 6000,cDNA,transcriptomic,RNA-Seq,total RNA,Homo sapiens,GPL24676,,,,,,,,,,,,Liver,,SRA,Liver,https://www.ncbi.nlm.nih.gov/sra?term=SRX24829262,,UAO361
GSM8314729,,,,Liver,,Illumina NovaSeq 6000,cDNA,transcriptomic,RNA-Seq,total RNA,Homo sapiens,GPL24676,,,,,,,,,,,,Liver,,SRA,Liver,https://www.ncbi.nlm.nih.gov/sra?term=SRX24829263,,ACO747
GSM8314730,,,,Liver,,Illumina NovaSeq 6000,cDNA,transcriptomic,RNA-Seq,total RNA,Homo sapiens,GPL24676,,,,,,,,,,,,Liver,,SRA,Liver,https://www.ncbi.nlm.nih.gov/sra?term=SRX24829266,,RZD705
GSM8314731,,,,Liver,,Illumina NovaSeq 6000,cDNA,transcriptomic,RNA-Seq,total RNA,Homo sapiens,GPL24676,,,,,,,,,,,,Liver,,SRA,Liver,https://www.ncbi.nlm.nih.gov/sra?term=SRX24829267,,ZKD805
GSM8314732,,,,Liver,,Illumina NovaSeq 6000,cDNA,transcriptomic,RNA-Seq,total RNA,Homo sapiens,GPL24676,,,,,,,,,,,,Liver,,SRA,Liver,https://www.ncbi.nlm.nih.gov/sra?term=SRX24829268,,PWY153
GSM8314733,,,,Liver,,Illumina NovaSeq 6000,cDNA,transcriptomic,RNA-Seq,total RNA,Homo sapiens,GPL24676,,,,,,,,,,,,Liver,,SRA,Liver,https://www.ncbi.nlm.nih.gov/sra?term=SRX24829269,,WVX781
GSM8314734,,,,Liver,,Illumina NovaSeq 6000,cDNA,transcriptomic,RNA-Seq,total RNA,Homo sapiens,GPL24676,,,,,,,,,,,,Liver,,SRA,Liver,https://www.ncbi.nlm.nih.gov/sra?term=SRX24829270,,EJK173
GSM8314735,,,,Liver,,Illumina NovaSeq 6000,cDNA,transcriptomic,RNA-Seq,total RNA,Homo sapiens,GPL24676,,,,,,,,,,,,Liver,,SRA,Liver,https://www.ncbi.nlm.nih.gov/sra?term=SRX24829271,,BIW515
GSM8314736,,,,Liver,,Illumina NovaSeq 6000,cDNA,transcriptomic,RNA-Seq,total RNA,Homo sapiens,GPL24676,,,,,,,,,,,,Liver,,SRA,Liver,https://www.ncbi.nlm.nih.gov/sra?term=SRX24829272,,FND585
GSM8314737,,,,Liver,,Illumina NovaSeq 6000,cDNA,transcriptomic,RNA-Seq,total RNA,Homo sapiens,GPL24676,,,,,,,,,,,,Liver,,SRA,Liver,https://www.ncbi.nlm.nih.gov/sra?term=SRX24829273,,DDX442
GSM8314738,,,,Liver,,Illumina NovaSeq 6000,cDNA,transcriptomic,RNA-Seq,total RNA,Homo sapiens,GPL24676,,,,,,,,,,,,Liver,,SRA,Liver,https://www.ncbi.nlm.nih.gov/sra?term=SRX24829340,,QJY851
GSM8314739,,,,Liver,,Illumina NovaSeq 6000,cDNA,transcriptomic,RNA-Seq,total RNA,Homo sapiens,GPL24676,,,,,,,,,,,,Liver,,SRA,Liver,https://www.ncbi.nlm.nih.gov/sra?term=SRX24829274,,CUG491
GSM8314740,,,,Liver,,Illumina NovaSeq 6000,cDNA,transcriptomic,RNA-Seq,total RNA,Homo sapiens,GPL24676,,,,,,,,,,,,Liver,,SRA,Liver,https://www.ncbi.nlm.nih.gov/sra?term=SRX24829275,,DGQ395
GSM8314741,,,,Liver,,Illumina NovaSeq 6000,cDNA,transcriptomic,RNA-Seq,total RNA,Homo sapiens,GPL24676,,,,,,,,,,,,Liver,,SRA,Liver,https://www.ncbi.nlm.nih.gov/sra?term=SRX24829277,,EXK318
GSM8314742,,,,Liver,,Illumina NovaSeq 6000,cDNA,transcriptomic,RNA-Seq,total RNA,Homo sapiens,GPL24676,,,,,,,,,,,,Liver,,SRA,Liver,https://www.ncbi.nlm.nih.gov/sra?term=SRX24829278,,CVW854
GSM8314743,,,,Liver,,Illumina NovaSeq 6000,cDNA,transcriptomic,RNA-Seq,total RNA,Homo sapiens,GPL24676,,,,,,,,,,,,Liver,,SRA,Liver,https://www.ncbi.nlm.nih.gov/sra?term=SRX24829279,,ZQQ777
GSM8314744,,,,Liver,,Illumina NovaSeq 6000,cDNA,transcriptomic,RNA-Seq,total RNA,Homo sapiens,GPL24676,,,,,,,,,,,,Liver,,SRA,Liver,https://www.ncbi.nlm.nih.gov/sra?term=SRX24829280,,HDW632
GSM8314745,,,,Liver,,Illumina NovaSeq 6000,cDNA,transcriptomic,RNA-Seq,total RNA,Homo sapiens,GPL24676,,,,,,,,,,,,Liver,,SRA,Liver,https://www.ncbi.nlm.nih.gov/sra?term=SRX24829337,,YVA544
GSM8314746,,,,Liver,,Illumina NovaSeq 6000,cDNA,transcriptomic,RNA-Seq,total RNA,Homo sapiens,GPL24676,,,,,,,,,,,,Liver,,SRA,Liver,https://www.ncbi.nlm.nih.gov/sra?term=SRX24829338,,ONT897
GSM8314747,,,,Liver,,Illumina NovaSeq 6000,cDNA,transcriptomic,RNA-Seq,total RNA,Homo sapiens,GPL24676,,,,,,,,,,,,Liver,,SRA,Liver,https://www.ncbi.nlm.nih.gov/sra?term=SRX24829339,,YXW946
GSM8314748,,,,Liver,,Illumina NovaSeq 6000,cDNA,transcriptomic,RNA-Seq,total RNA,Homo sapiens,GPL24676,,,,,,,,,,,,Liver,,SRA,Liver,https://www.ncbi.nlm.nih.gov/sra?term=SRX24829287,,UDT182
GSM8314749,,,,Liver,,Illumina NovaSeq 6000,cDNA,transcriptomic,RNA-Seq,total RNA,Homo sapiens,GPL24676,,,,,,,,,,,,Liver,,SRA,Liver,https://www.ncbi.nlm.nih.gov/sra?term=SRX24829341,,PUF962
GSM8314750,,,,Liver,,Illumina NovaSeq 6000,cDNA,transcriptomic,RNA-Seq,total RNA,Homo sapiens,GPL24676,,,,,,,,,,,,Liver,,SRA,Liver,https://www.ncbi.nlm.nih.gov/sra?term=SRX24829342,,QTT156
GSM8314751,,,,Liver,,Illumina NovaSeq 6000,cDNA,transcriptomic,RNA-Seq,total RNA,Homo sapiens,GPL24676,,,,,,,,,,,,Liver,,SRA,Liver,https://www.ncbi.nlm.nih.gov/sra?term=SRX24829196,,DTH947
GSM8314752,,,,Liver,,Illumina NovaSeq 6000,cDNA,transcriptomic,RNA-Seq,total RNA,Homo sapiens,GPL24676,,,,,,,,,,,,Liver,,SRA,Liver,https://www.ncbi.nlm.nih.gov/sra?term=SRX24829281,,ALD943
GSM8314753,,,,Liver,,Illumina NovaSeq 6000,cDNA,transcriptomic,RNA-Seq,total RNA,Homo sapiens,GPL24676,,,,,,,,,,,,Liver,,SRA,Liver,https://www.ncbi.nlm.nih.gov/sra?term=SRX24829282,,WNN537
GSM8314754,,,,Liver,,Illumina NovaSeq 6000,cDNA,transcriptomic,RNA-Seq,total RNA,Homo sapiens,GPL24676,,,,,,,,,,,,Liver,,SRA,Liver,https://www.ncbi.nlm.nih.gov/sra?term=SRX24829283,,TTG258
GSM8314755,,,,Liver,,Illumina NovaSeq 6000,cDNA,transcriptomic,RNA-Seq,total RNA,Homo sapiens,GPL24676,,,,,,,,,,,,Liver,,SRA,Liver,https://www.ncbi.nlm.nih.gov/sra?term=SRX24829284,,PFX974
GSM8314756,,,,Liver,,Illumina NovaSeq 6000,cDNA,transcriptomic,RNA-Seq,total RNA,Homo sapiens,GPL24676,,,,,,,,,,,,Liver,,SRA,Liver,https://www.ncbi.nlm.nih.gov/sra?term=SRX24829285,,ESJ967
GSM8314757,,,,Liver,,Illumina NovaSeq 6000,cDNA,transcriptomic,RNA-Seq,total RNA,Homo sapiens,GPL24676,,,,,,,,,,,,Liver,,SRA,Liver,https://www.ncbi.nlm.nih.gov/sra?term=SRX24829286,,WCG168
GSM8314758,,,,Liver,,Illumina NovaSeq 6000,cDNA,transcriptomic,RNA-Seq,total RNA,Homo sapiens,GPL24676,,,,,,,,,,,,Liver,,SRA,Liver,https://www.ncbi.nlm.nih.gov/sra?term=SRX24829288,,ZKP780
GSM8314759,,,,Liver,,Illumina NovaSeq 6000,cDNA,transcriptomic,RNA-Seq,total RNA,Homo sapiens,GPL24676,,,,,,,,,,,,Liver,,SRA,Liver,https://www.ncbi.nlm.nih.gov/sra?term=SRX24829289,,IQG997
GSM8314760,,,,Liver,,Illumina NovaSeq 6000,cDNA,transcriptomic,RNA-Seq,total RNA,Homo sapiens,GPL24676,,,,,,,,,,,,Liver,,SRA,Liver,https://www.ncbi.nlm.nih.gov/sra?term=SRX24829291,,MMJ737
GSM8314761,,,,Liver,,Illumina NovaSeq 6000,cDNA,transcriptomic,RNA-Seq,total RNA,Homo sapiens,GPL24676,,,,,,,,,,,,Liver,,SRA,Liver,https://www.ncbi.nlm.nih.gov/sra?term=SRX24829292,,IOA210
GSM8314762,,,,Liver,,Illumina NovaSeq 6000,cDNA,transcriptomic,RNA-Seq,total RNA,Homo sapiens,GPL24676,,,,,,,,,,,,Liver,,SRA,Liver,https://www.ncbi.nlm.nih.gov/sra?term=SRX24829293,,MJN217
GSM8314763,,,,Liver,,Illumina NovaSeq 6000,cDNA,transcriptomic,RNA-Seq,total RNA,Homo sapiens,GPL24676,,,,,,,,,,,,Liver,,SRA,Liver,https://www.ncbi.nlm.nih.gov/sra?term=SRX24829294,,OQG452
GSM8314764,,,,Liver,,Illumina NovaSeq 6000,cDNA,transcriptomic,RNA-Seq,total RNA,Homo sapiens,GPL24676,,,,,,,,,,,,Liver,,SRA,Liver,https://www.ncbi.nlm.nih.gov/sra?term=SRX24829295,,FUG307
GSM8314765,,,,Liver,,Illumina NovaSeq 6000,cDNA,transcriptomic,RNA-Seq,total RNA,Homo sapiens,GPL24676,,,,,,,,,,,,Liver,,SRA,Liver,https://www.ncbi.nlm.nih.gov/sra?term=SRX24829296,,KXW719
GSM8314766,,,,Liver,,Illumina NovaSeq 6000,cDNA,transcriptomic,RNA-Seq,total RNA,Homo sapiens,GPL24676,,,,,,,,,,,,Liver,,SRA,Liver,https://www.ncbi.nlm.nih.gov/sra?term=SRX24829297,,QDY893
GSM8314767,,,,Liver,,Illumina NovaSeq 6000,cDNA,transcriptomic,RNA-Seq,total RNA,Homo sapiens,GPL24676,,,,,,,,,,,,Liver,,SRA,Liver,https://www.ncbi.nlm.nih.gov/sra?term=SRX24829298,,PGH821
GSM8314768,,,,Liver,,Illumina NovaSeq 6000,cDNA,transcriptomic,RNA-Seq,total RNA,Homo sapiens,GPL24676,,,,,,,,,,,,Liver,,SRA,Liver,https://www.ncbi.nlm.nih.gov/sra?term=SRX24829344,,YSU419
GSM8314769,,,,Liver,,Illumina NovaSeq 6000,cDNA,transcriptomic,RNA-Seq,total RNA,Homo sapiens,GPL24676,,,,,,,,,,,,Liver,,SRA,Liver,https://www.ncbi.nlm.nih.gov/sra?term=SRX24829299,,YIU233
GSM8314770,,,,Liver,,Illumina NovaSeq 6000,cDNA,transcriptomic,RNA-Seq,total RNA,Homo sapiens,GPL24676,,,,,,,,,,,,Liver,,SRA,Liver,https://www.ncbi.nlm.nih.gov/sra?term=SRX24829300,,ADE464
GSM8314771,,,,Liver,,Illumina NovaSeq 6000,cDNA,transcriptomic,RNA-Seq,total RNA,Homo sapiens,GPL24676,,,,,,,,,,,,Liver,,SRA,Liver,https://www.ncbi.nlm.nih.gov/sra?term=SRX24829302,,WRY133
GSM8314772,,,,Liver,,Illumina NovaSeq 6000,cDNA,transcriptomic,RNA-Seq,total RNA,Homo sapiens,GPL24676,,,,,,,,,,,,Liver,,SRA,Liver,https://www.ncbi.nlm.nih.gov/sra?term=SRX24829303,,UXJ402
GSM8314773,,,,Liver,,Illumina NovaSeq 6000,cDNA,transcriptomic,RNA-Seq,total RNA,Homo sapiens,GPL24676,,,,,,,,,,,,Liver,,SRA,Liver,https://www.ncbi.nlm.nih.gov/sra?term=SRX24829304,,YSZ301
GSM8314774,,,,Liver,,Illumina NovaSeq 6000,cDNA,transcriptomic,RNA-Seq,total RNA,Homo sapiens,GPL24676,,,,,,,,,,,,Liver,,SRA,Liver,https://www.ncbi.nlm.nih.gov/sra?term=SRX24829305,,UHV721
GSM8314775,,,,Liver,,Illumina NovaSeq 6000,cDNA,transcriptomic,RNA-Seq,total RNA,Homo sapiens,GPL24676,,,,,,,,,,,,Liver,,SRA,Liver,https://www.ncbi.nlm.nih.gov/sra?term=SRX24829306,,KUV229
GSM8314776,,,,Liver,,Illumina NovaSeq 6000,cDNA,transcriptomic,RNA-Seq,total RNA,Homo sapiens,GPL24676,,,,,,,,,,,,Liver,,SRA,Liver,https://www.ncbi.nlm.nih.gov/sra?term=SRX24829307,,DDT659
GSM8314777,,,,Liver,,Illumina NovaSeq 6000,cDNA,transcriptomic,RNA-Seq,total RNA,Homo sapiens,GPL24676,,,,,,,,,,,,Liver,,SRA,Liver,https://www.ncbi.nlm.nih.gov/sra?term=SRX24829308,,GNI484
GSM8314778,,,,Liver,,Illumina NovaSeq 6000,cDNA,transcriptomic,RNA-Seq,total RNA,Homo sapiens,GPL24676,,,,,,,,,,,,Liver,,SRA,Liver,https://www.ncbi.nlm.nih.gov/sra?term=SRX24829343,,TLT507
GSM8314779,,,,Liver,,Illumina NovaSeq 6000,cDNA,transcriptomic,RNA-Seq,total RNA,Homo sapiens,GPL24676,,,,,,,,,,,,Liver,,SRA,Liver,https://www.ncbi.nlm.nih.gov/sra?term=SRX24829356,,RPC773
GSM8314780,,,,Liver,,Illumina NovaSeq 6000,cDNA,transcriptomic,RNA-Seq,total RNA,Homo sapiens,GPL24676,,,,,,,,,,,,Liver,,SRA,Liver,https://www.ncbi.nlm.nih.gov/sra?term=SRX24829345,,PXJ190
GSM8314781,,,,Liver,,Illumina NovaSeq 6000,cDNA,transcriptomic,RNA-Seq,total RNA,Homo sapiens,GPL24676,,,,,,,,,,,,Liver,,SRA,Liver,https://www.ncbi.nlm.nih.gov/sra?term=SRX24829347,,GBP913
GSM8314782,,,,Liver,,Illumina NovaSeq 6000,cDNA,transcriptomic,RNA-Seq,total RNA,Homo sapiens,GPL24676,,,,,,,,,,,,Liver,,SRA,Liver,https://www.ncbi.nlm.nih.gov/sra?term=SRX24829348,,HIY471
GSM8314783,,,,Liver,,Illumina NovaSeq 6000,cDNA,transcriptomic,RNA-Seq,total RNA,Homo sapiens,GPL24676,,,,,,,,,,,,Liver,,SRA,Liver,https://www.ncbi.nlm.nih.gov/sra?term=SRX24829349,,RYZ258
GSM8314784,,,,Liver,,Illumina NovaSeq 6000,cDNA,transcriptomic,RNA-Seq,total RNA,Homo sapiens,GPL24676,,,,,,,,,,,,Liver,,SRA,Liver,https://www.ncbi.nlm.nih.gov/sra?term=SRX24829350,,TPZ888
GSM8314785,,,,Liver,,Illumina NovaSeq 6000,cDNA,transcriptomic,RNA-Seq,total RNA,Homo sapiens,GPL24676,,,,,,,,,,,,Liver,,SRA,Liver,https://www.ncbi.nlm.nih.gov/sra?term=SRX24829351,,IOW123
GSM8314786,,,,Liver,,Illumina NovaSeq 6000,cDNA,transcriptomic,RNA-Seq,total RNA,Homo sapiens,GPL24676,,,,,,,,,,,,Liver,,SRA,Liver,https://www.ncbi.nlm.nih.gov/sra?term=SRX24829352,,BDR489
GSM8314787,,,,Liver,,Illumina NovaSeq 6000,cDNA,transcriptomic,RNA-Seq,total RNA,Homo sapiens,GPL24676,,,,,,,,,,,,Liver,,SRA,Liver,https://www.ncbi.nlm.nih.gov/sra?term=SRX24829353,,SPM565
GSM8314788,,,,Liver,,Illumina NovaSeq 6000,cDNA,transcriptomic,RNA-Seq,total RNA,Homo sapiens,GPL24676,,,,,,,,,,,,Liver,,SRA,Liver,https://www.ncbi.nlm.nih.gov/sra?term=SRX24829354,,ZOD179
GSM8314789,,,,Liver,,Illumina NovaSeq 6000,cDNA,transcriptomic,RNA-Seq,total RNA,Homo sapiens,GPL24676,,,,,,,,,,,,Liver,,SRA,Liver,https://www.ncbi.nlm.nih.gov/sra?term=SRX24829355,,VNQ333
GSM8314790,,,,Liver,,Illumina NovaSeq 6000,cDNA,transcriptomic,RNA-Seq,total RNA,Homo sapiens,GPL24676,,,,,,,,,,,,Liver,,SRA,Liver,https://www.ncbi.nlm.nih.gov/sra?term=SRX24829358,,ASX665
GSM8314791,,,,Liver,,Illumina NovaSeq 6000,cDNA,transcriptomic,RNA-Seq,total RNA,Homo sapiens,GPL24676,,,,,,,,,,,,Liver,,SRA,Liver,https://www.ncbi.nlm.nih.gov/sra?term=SRX24829359,,KHJ333
GSM8314792,,,,Liver,,Illumina NovaSeq 6000,cDNA,transcriptomic,RNA-Seq,total RNA,Homo sapiens,GPL24676,,,,,,,,,,,,Liver,,SRA,Liver,https://www.ncbi.nlm.nih.gov/sra?term=SRX24829360,,KIU550
GSM8314793,,,,Liver,,Illumina NovaSeq 6000,cDNA,transcriptomic,RNA-Seq,total RNA,Homo sapiens,GPL24676,,,,,,,,,,,,Liver,,SRA,Liver,https://www.ncbi.nlm.nih.gov/sra?term=SRX24829370,,GKM743
GSM8314794,,,,Liver,,Illumina NovaSeq 6000,cDNA,transcriptomic,RNA-Seq,total RNA,Homo sapiens,GPL24676,,,,,,,,,,,,Liver,,SRA,Liver,https://www.ncbi.nlm.nih.gov/sra?term=SRX24829361,,ALF449
GSM8314795,,,,Liver,,Illumina NovaSeq 6000,cDNA,transcriptomic,RNA-Seq,total RNA,Homo sapiens,GPL24676,,,,,,,,,,,,Liver,,SRA,Liver,https://www.ncbi.nlm.nih.gov/sra?term=SRX24829362,,TDW443
GSM8314796,,,,Liver,,Illumina NovaSeq 6000,cDNA,transcriptomic,RNA-Seq,total RNA,Homo sapiens,GPL24676,,,,,,,,,,,,Liver,,SRA,Liver,https://www.ncbi.nlm.nih.gov/sra?term=SRX24829363,,CIW710
GSM8314797,,,,Liver,,Illumina NovaSeq 6000,cDNA,transcriptomic,RNA-Seq,total RNA,Homo sapiens,GPL24676,,,,,,,,,,,,Liver,,SRA,Liver,https://www.ncbi.nlm.nih.gov/sra?term=SRX24829364,,ABJ468
GSM8314798,,,,Liver,,Illumina NovaSeq 6000,cDNA,transcriptomic,RNA-Seq,total RNA,Homo sapiens,GPL24676,,,,,,,,,,,,Liver,,SRA,Liver,https://www.ncbi.nlm.nih.gov/sra?term=SRX24829365,,BGB414
GSM8314799,,,,Liver,,Illumina NovaSeq 6000,cDNA,transcriptomic,RNA-Seq,total RNA,Homo sapiens,GPL24676,,,,,,,,,,,,Liver,,SRA,Liver,https://www.ncbi.nlm.nih.gov/sra?term=SRX24829366,,YHL587
GSM8314800,,,,Liver,,Illumina NovaSeq 6000,cDNA,transcriptomic,RNA-Seq,total RNA,Homo sapiens,GPL24676,,,,,,,,,,,,Liver,,SRA,Liver,https://www.ncbi.nlm.nih.gov/sra?term=SRX24829367,,JFF518
GSM8314801,,,,Liver,,Illumina NovaSeq 6000,cDNA,transcriptomic,RNA-Seq,total RNA,Homo sapiens,GPL24676,,,,,,,,,,,,Liver,,SRA,Liver,https://www.ncbi.nlm.nih.gov/sra?term=SRX24829369,,TKR960
GSM8314802,,,,Liver,,Illumina NovaSeq 6000,cDNA,transcriptomic,RNA-Seq,total RNA,Homo sapiens,GPL24676,,,,,,,,,,,,Liver,,SRA,Liver,https://www.ncbi.nlm.nih.gov/sra?term=SRX24829437,,UTB432
GSM8314803,,,,Liver,,Illumina NovaSeq 6000,cDNA,transcriptomic,RNA-Seq,total RNA,Homo sapiens,GPL24676,,,,,,,,,,,,Liver,,SRA,Liver,https://www.ncbi.nlm.nih.gov/sra?term=SRX24829427,,DNL679
GSM8314804,,,,Liver,,Illumina NovaSeq 6000,cDNA,transcriptomic,RNA-Seq,total RNA,Homo sapiens,GPL24676,,,,,,,,,,,,Liver,,SRA,Liver,https://www.ncbi.nlm.nih.gov/sra?term=SRX24829428,,SRC524
GSM8314805,,,,Liver,,Illumina NovaSeq 6000,cDNA,transcriptomic,RNA-Seq,total RNA,Homo sapiens,GPL24676,,,,,,,,,,,,Liver,,SRA,Liver,https://www.ncbi.nlm.nih.gov/sra?term=SRX24829429,,AUT782
GSM8314806,,,,Liver,,Illumina NovaSeq 6000,cDNA,transcriptomic,RNA-Seq,total RNA,Homo sapiens,GPL24676,,,,,,,,,,,,Liver,,SRA,Liver,https://www.ncbi.nlm.nih.gov/sra?term=SRX24829430,,EYC308
GSM8314807,,,,Liver,,Illumina NovaSeq 6000,cDNA,transcriptomic,RNA-Seq,total RNA,Homo sapiens,GPL24676,,,,,,,,,,,,Liver,,SRA,Liver,https://www.ncbi.nlm.nih.gov/sra?term=SRX24829431,,OUX828
GSM8314808,,,,Liver,,Illumina NovaSeq 6000,cDNA,transcriptomic,RNA-Seq,total RNA,Homo sapiens,GPL24676,,,,,,,,,,,,Liver,,SRA,Liver,https://www.ncbi.nlm.nih.gov/sra?term=SRX24829432,,JLG297
GSM8314809,,,,Liver,,Illumina NovaSeq 6000,cDNA,transcriptomic,RNA-Seq,total RNA,Homo sapiens,GPL24676,,,,,,,,,,,,Liver,,SRA,Liver,https://www.ncbi.nlm.nih.gov/sra?term=SRX24829433,,LUK585
GSM8314810,,,,Liver,,Illumina NovaSeq 6000,cDNA,transcriptomic,RNA-Seq,total RNA,Homo sapiens,GPL24676,,,,,,,,,,,,Liver,,SRA,Liver,https://www.ncbi.nlm.nih.gov/sra?term=SRX24829434,,OTW294
GSM8314811,,,,Liver,,Illumina NovaSeq 6000,cDNA,transcriptomic,RNA-Seq,total RNA,Homo sapiens,GPL24676,,,,,,,,,,,,Liver,,SRA,Liver,https://www.ncbi.nlm.nih.gov/sra?term=SRX24829436,,AQB432
GSM8314812,,,,Liver,,Illumina NovaSeq 6000,cDNA,transcriptomic,RNA-Seq,total RNA,Homo sapiens,GPL24676,,,,,,,,,,,,Liver,,SRA,Liver,https://www.ncbi.nlm.nih.gov/sra?term=SRX24829380,,FYS787
GSM8314813,,,,Liver,,Illumina NovaSeq 6000,cDNA,transcriptomic,RNA-Seq,total RNA,Homo sapiens,GPL24676,,,,,,,,,,,,Liver,,SRA,Liver,https://www.ncbi.nlm.nih.gov/sra?term=SRX24829439,,CFH377
GSM8314814,,,,Liver,,Illumina NovaSeq 6000,cDNA,transcriptomic,RNA-Seq,total RNA,Homo sapiens,GPL24676,,,,,,,,,,,,Liver,,SRA,Liver,https://www.ncbi.nlm.nih.gov/sra?term=SRX24829440,,YMK964
GSM8314815,,,,Liver,,Illumina NovaSeq 6000,cDNA,transcriptomic,RNA-Seq,total RNA,Homo sapiens,GPL24676,,,,,,,,,,,,Liver,,SRA,Liver,https://www.ncbi.nlm.nih.gov/sra?term=SRX24829441,,IMD704
GSM8314816,,,,Liver,,Illumina NovaSeq 6000,cDNA,transcriptomic,RNA-Seq,total RNA,Homo sapiens,GPL24676,,,,,,,,,,,,Liver,,SRA,Liver,https://www.ncbi.nlm.nih.gov/sra?term=SRX24829442,,YFH298
GSM8314817,,,,Liver,,Illumina NovaSeq 6000,cDNA,transcriptomic,RNA-Seq,total RNA,Homo sapiens,GPL24676,,,,,,,,,,,,Liver,,SRA,Liver,https://www.ncbi.nlm.nih.gov/sra?term=SRX24829443,,LOT902
GSM8314818,,,,Liver,,Illumina NovaSeq 6000,cDNA,transcriptomic,RNA-Seq,total RNA,Homo sapiens,GPL24676,,,,,,,,,,,,Liver,,SRA,Liver,https://www.ncbi.nlm.nih.gov/sra?term=SRX24829444,,VBL165
GSM8314819,,,,Liver,,Illumina NovaSeq 6000,cDNA,transcriptomic,RNA-Seq,total RNA,Homo sapiens,GPL24676,,,,,,,,,,,,Liver,,SRA,Liver,https://www.ncbi.nlm.nih.gov/sra?term=SRX24829445,,NWU655
GSM8314820,,,,Liver,,Illumina NovaSeq 6000,cDNA,transcriptomic,RNA-Seq,total RNA,Homo sapiens,GPL24676,,,,,,,,,,,,Liver,,SRA,Liver,https://www.ncbi.nlm.nih.gov/sra?term=SRX24829447,,DXN914
GSM8314821,,,,Liver,,Illumina NovaSeq 6000,cDNA,transcriptomic,RNA-Seq,total RNA,Homo sapiens,GPL24676,,,,,,,,,,,,Liver,,SRA,Liver,https://www.ncbi.nlm.nih.gov/sra?term=SRX24829448,,BVJ928
GSM8314822,,,,Liver,,Illumina NovaSeq 6000,cDNA,transcriptomic,RNA-Seq,total RNA,Homo sapiens,GPL24676,,,,,,,,,,,,Liver,,SRA,Liver,https://www.ncbi.nlm.nih.gov/sra?term=SRX24829453,,YXK696
GSM8314823,,,,Liver,,Illumina NovaSeq 6000,cDNA,transcriptomic,RNA-Seq,total RNA,Homo sapiens,GPL24676,,,,,,,,,,,,Liver,,SRA,Liver,https://www.ncbi.nlm.nih.gov/sra?term=SRX24829449,,GTX889
GSM8314824,,,,Liver,,Illumina NovaSeq 6000,cDNA,transcriptomic,RNA-Seq,total RNA,Homo sapiens,GPL24676,,,,,,,,,,,,Liver,,SRA,Liver,https://www.ncbi.nlm.nih.gov/sra?term=SRX24829450,,WLW163
GSM8314825,,,,Liver,,Illumina NovaSeq 6000,cDNA,transcriptomic,RNA-Seq,total RNA,Homo sapiens,GPL24676,,,,,,,,,,,,Liver,,SRA,Liver,https://www.ncbi.nlm.nih.gov/sra?term=SRX24829451,,YOX147
GSM8314826,,,,Liver,,Illumina NovaSeq 6000,cDNA,transcriptomic,RNA-Seq,total RNA,Homo sapiens,GPL24676,,,,,,,,,,,,Liver,,SRA,Liver,https://www.ncbi.nlm.nih.gov/sra?term=SRX24829452,,HTS420
GSM8314827,,,,Liver,,Illumina NovaSeq 6000,cDNA,transcriptomic,RNA-Seq,total RNA,Homo sapiens,GPL24676,,,,,,,,,,,,Liver,,SRA,Liver,https://www.ncbi.nlm.nih.gov/sra?term=SRX24829454,,HMU541
GSM8314828,,,,Liver,,Illumina NovaSeq 6000,cDNA,transcriptomic,RNA-Seq,total RNA,Homo sapiens,GPL24676,,,,,,,,,,,,Liver,,SRA,Liver,https://www.ncbi.nlm.nih.gov/sra?term=SRX24829197,,GNK557
GSM8314829,,,,Liver,,Illumina NovaSeq 6000,cDNA,transcriptomic,RNA-Seq,total RNA,Homo sapiens,GPL24676,,,,,,,,,,,,Liver,,SRA,Liver,https://www.ncbi.nlm.nih.gov/sra?term=SRX24829198,,RVT473
GSM8314830,,,,Liver,,Illumina NovaSeq 6000,cDNA,transcriptomic,RNA-Seq,total RNA,Homo sapiens,GPL24676,,,,,,,,,,,,Liver,,SRA,Liver,https://www.ncbi.nlm.nih.gov/sra?term=SRX24829209,,QFU156
GSM8314831,,,,Liver,,Illumina NovaSeq 6000,cDNA,transcriptomic,RNA-Seq,total RNA,Homo sapiens,GPL24676,,,,,,,,,,,,Liver,,SRA,Liver,https://www.ncbi.nlm.nih.gov/sra?term=SRX24829200,,HOI855
GSM8314832,,,,Liver,,Illumina NovaSeq 6000,cDNA,transcriptomic,RNA-Seq,total RNA,Homo sapiens,GPL24676,,,,,,,,,,,,Liver,,SRA,Liver,https://www.ncbi.nlm.nih.gov/sra?term=SRX24829201,,LSG225
GSM8314833,,,,Liver,,Illumina NovaSeq 6000,cDNA,transcriptomic,RNA-Seq,total RNA,Homo sapiens,GPL24676,,,,,,,,,,,,Liver,,SRA,Liver,https://www.ncbi.nlm.nih.gov/sra?term=SRX24829202,,HKE922
GSM8314834,,,,Liver,,Illumina NovaSeq 6000,cDNA,transcriptomic,RNA-Seq,total RNA,Homo sapiens,GPL24676,,,,,,,,,,,,Liver,,SRA,Liver,https://www.ncbi.nlm.nih.gov/sra?term=SRX24829203,,QMA457
GSM8314835,,,,Liver,,Illumina NovaSeq 6000,cDNA,transcriptomic,RNA-Seq,total RNA,Homo sapiens,GPL24676,,,,,,,,,,,,Liver,,SRA,Liver,https://www.ncbi.nlm.nih.gov/sra?term=SRX24829204,,XSP695
GSM8314836,,,,Liver,,Illumina NovaSeq 6000,cDNA,transcriptomic,RNA-Seq,total RNA,Homo sapiens,GPL24676,,,,,,,,,,,,Liver,,SRA,Liver,https://www.ncbi.nlm.nih.gov/sra?term=SRX24829205,,UBH208
GSM8314837,,,,Liver,,Illumina NovaSeq 6000,cDNA,transcriptomic,RNA-Seq,total RNA,Homo sapiens,GPL24676,,,,,,,,,,,,Liver,,SRA,Liver,https://www.ncbi.nlm.nih.gov/sra?term=SRX24829206,,YNE987
GSM8314838,,,,Liver,,Illumina NovaSeq 6000,cDNA,transcriptomic,RNA-Seq,total RNA,Homo sapiens,GPL24676,,,,,,,,,,,,Liver,,SRA,Liver,https://www.ncbi.nlm.nih.gov/sra?term=SRX24829207,,TVO619
GSM8314839,,,,Liver,,Illumina NovaSeq 6000,cDNA,transcriptomic,RNA-Seq,total RNA,Homo sapiens,GPL24676,,,,,,,,,,,,Liver,,SRA,Liver,https://www.ncbi.nlm.nih.gov/sra?term=SRX24829208,,SXI255
GSM8314840,,,,Liver,,Illumina NovaSeq 6000,cDNA,transcriptomic,RNA-Seq,total RNA,Homo sapiens,GPL24676,,,,,,,,,,,,Liver,,SRA,Liver,https://www.ncbi.nlm.nih.gov/sra?term=SRX24829213,,CCU357
GSM8314841,,,,Liver,,Illumina NovaSeq 6000,cDNA,transcriptomic,RNA-Seq,total RNA,Homo sapiens,GPL24676,,,,,,,,,,,,Liver,,SRA,Liver,https://www.ncbi.nlm.nih.gov/sra?term=SRX24829211,,HDN490
GSM8314842,,,,Liver,,Illumina NovaSeq 6000,cDNA,transcriptomic,RNA-Seq,total RNA,Homo sapiens,GPL24676,,,,,,,,,,,,Liver,,SRA,Liver,https://www.ncbi.nlm.nih.gov/sra?term=SRX24829212,,CMW958
GSM8314843,,,,Liver,,Illumina NovaSeq 6000,cDNA,transcriptomic,RNA-Seq,total RNA,Homo sapiens,GPL24676,,,,,,,,,,,,Liver,,SRA,Liver,https://www.ncbi.nlm.nih.gov/sra?term=SRX24829218,,TAB580
GSM8314844,,,,Liver,,Illumina NovaSeq 6000,cDNA,transcriptomic,RNA-Seq,total RNA,Homo sapiens,GPL24676,,,,,,,,,,,,Liver,,SRA,Liver,https://www.ncbi.nlm.nih.gov/sra?term=SRX24829214,,LAH821
GSM8314845,,,,Liver,,Illumina NovaSeq 6000,cDNA,transcriptomic,RNA-Seq,total RNA,Homo sapiens,GPL24676,,,,,,,,,,,,Liver,,SRA,Liver,https://www.ncbi.nlm.nih.gov/sra?term=SRX24829215,,QZV338
GSM8314846,,,,Liver,,Illumina NovaSeq 6000,cDNA,transcriptomic,RNA-Seq,total RNA,Homo sapiens,GPL24676,,,,,,,,,,,,Liver,,SRA,Liver,https://www.ncbi.nlm.nih.gov/sra?term=SRX24829216,,NWX937
GSM8314847,,,,Liver,,Illumina NovaSeq 6000,cDNA,transcriptomic,RNA-Seq,total RNA,Homo sapiens,GPL24676,,,,,,,,,,,,Liver,,SRA,Liver,https://www.ncbi.nlm.nih.gov/sra?term=SRX24829217,,QYJ155
GSM8314848,,,,Liver,,Illumina NovaSeq 6000,cDNA,transcriptomic,RNA-Seq,total RNA,Homo sapiens,GPL24676,,,,,,,,,,,,Liver,,SRA,Liver,https://www.ncbi.nlm.nih.gov/sra?term=SRX24829374,,DPS177
GSM8314849,,,,Liver,,Illumina NovaSeq 6000,cDNA,transcriptomic,RNA-Seq,total RNA,Homo sapiens,GPL24676,,,,,,,,,,,,Liver,,SRA,Liver,https://www.ncbi.nlm.nih.gov/sra?term=SRX24829219,,KAV782
GSM8314850,,,,Liver,,Illumina NovaSeq 6000,cDNA,transcriptomic,RNA-Seq,total RNA,Homo sapiens,GPL24676,,,,,,,,,,,,Liver,,SRA,Liver,https://www.ncbi.nlm.nih.gov/sra?term=SRX24829220,,TPT236
GSM8314851,,,,Liver,,Illumina NovaSeq 6000,cDNA,transcriptomic,RNA-Seq,total RNA,Homo sapiens,GPL24676,,,,,,,,,,,,Liver,,SRA,Liver,https://www.ncbi.nlm.nih.gov/sra?term=SRX24829223,,DNM623
GSM8314852,,,,Liver,,Illumina NovaSeq 6000,cDNA,transcriptomic,RNA-Seq,total RNA,Homo sapiens,GPL24676,,,,,,,,,,,,Liver,,SRA,Liver,https://www.ncbi.nlm.nih.gov/sra?term=SRX24829224,,JNK936
GSM8314853,,,,Liver,,Illumina NovaSeq 6000,cDNA,transcriptomic,RNA-Seq,total RNA,Homo sapiens,GPL24676,,,,,,,,,,,,Liver,,SRA,Liver,https://www.ncbi.nlm.nih.gov/sra?term=SRX24829371,,EEJ113
GSM8314854,,,,Liver,,Illumina NovaSeq 6000,cDNA,transcriptomic,RNA-Seq,total RNA,Homo sapiens,GPL24676,,,,,,,,,,,,Liver,,SRA,Liver,https://www.ncbi.nlm.nih.gov/sra?term=SRX24829372,,ERH825
GSM8314855,,,,Liver,,Illumina NovaSeq 6000,cDNA,transcriptomic,RNA-Seq,total RNA,Homo sapiens,GPL24676,,,,,,,,,,,,Liver,,SRA,Liver,https://www.ncbi.nlm.nih.gov/sra?term=SRX24829373,,EUU581
GSM8314856,,,,Liver,,Illumina NovaSeq 6000,cDNA,transcriptomic,RNA-Seq,total RNA,Homo sapiens,GPL24676,,,,,,,,,,,,Liver,,SRA,Liver,https://www.ncbi.nlm.nih.gov/sra?term=SRX24829378,,AEK876
GSM8314857,,,,Liver,,Illumina NovaSeq 6000,cDNA,transcriptomic,RNA-Seq,total RNA,Homo sapiens,GPL24676,,,,,,,,,,,,Liver,,SRA,Liver,https://www.ncbi.nlm.nih.gov/sra?term=SRX24829375,,EFW637
GSM8314858,,,,Liver,,Illumina NovaSeq 6000,cDNA,transcriptomic,RNA-Seq,total RNA,Homo sapiens,GPL24676,,,,,,,,,,,,Liver,,SRA,Liver,https://www.ncbi.nlm.nih.gov/sra?term=SRX24829376,,PYQ514
GSM8314859,,,,Liver,,Illumina NovaSeq 6000,cDNA,transcriptomic,RNA-Seq,total RNA,Homo sapiens,GPL24676,,,,,,,,,,,,Liver,,SRA,Liver,https://www.ncbi.nlm.nih.gov/sra?term=SRX24829377,,XTI939
GSM8314860,,,,Liver,,Illumina NovaSeq 6000,cDNA,transcriptomic,RNA-Seq,total RNA,Homo sapiens,GPL24676,,,,,,,,,,,,Liver,,SRA,Liver,https://www.ncbi.nlm.nih.gov/sra?term=SRX24829386,,BMO617
GSM8314861,,,,Liver,,Illumina NovaSeq 6000,cDNA,transcriptomic,RNA-Seq,total RNA,Homo sapiens,GPL24676,,,,,,,,,,,,Liver,,SRA,Liver,https://www.ncbi.nlm.nih.gov/sra?term=SRX24829381,,CCL865
GSM8314862,,,,Liver,,Illumina NovaSeq 6000,cDNA,transcriptomic,RNA-Seq,total RNA,Homo sapiens,GPL24676,,,,,,,,,,,,Liver,,SRA,Liver,https://www.ncbi.nlm.nih.gov/sra?term=SRX24829382,,CJU592
GSM8314863,,,,Liver,,Illumina NovaSeq 6000,cDNA,transcriptomic,RNA-Seq,total RNA,Homo sapiens,GPL24676,,,,,,,,,,,,Liver,,SRA,Liver,https://www.ncbi.nlm.nih.gov/sra?term=SRX24829383,,AUR380
GSM8314864,,,,Liver,,Illumina NovaSeq 6000,cDNA,transcriptomic,RNA-Seq,total RNA,Homo sapiens,GPL24676,,,,,,,,,,,,Liver,,SRA,Liver,https://www.ncbi.nlm.nih.gov/sra?term=SRX24829384,,WQI320
GSM8314865,,,,Liver,,Illumina NovaSeq 6000,cDNA,transcriptomic,RNA-Seq,total RNA,Homo sapiens,GPL24676,,,,,,,,,,,,Liver,,SRA,Liver,https://www.ncbi.nlm.nih.gov/sra?term=SRX24829385,,ENP459
GSM8314866,,,,Liver,,Illumina NovaSeq 6000,cDNA,transcriptomic,RNA-Seq,total RNA,Homo sapiens,GPL24676,,,,,,,,,,,,Liver,,SRA,Liver,https://www.ncbi.nlm.nih.gov/sra?term=SRX24829396,,CCA245
GSM8314867,,,,Liver,,Illumina NovaSeq 6000,cDNA,transcriptomic,RNA-Seq,total RNA,Homo sapiens,GPL24676,,,,,,,,,,,,Liver,,SRA,Liver,https://www.ncbi.nlm.nih.gov/sra?term=SRX24829387,,HNR861
GSM8314868,,,,Liver,,Illumina NovaSeq 6000,cDNA,transcriptomic,RNA-Seq,total RNA,Homo sapiens,GPL24676,,,,,,,,,,,,Liver,,SRA,Liver,https://www.ncbi.nlm.nih.gov/sra?term=SRX24829388,,MSD301
GSM8314869,,,,Liver,,Illumina NovaSeq 6000,cDNA,transcriptomic,RNA-Seq,total RNA,Homo sapiens,GPL24676,,,,,,,,,,,,Liver,,SRA,Liver,https://www.ncbi.nlm.nih.gov/sra?term=SRX24829389,,AWX180
GSM8314870,,,,Liver,,Illumina NovaSeq 6000,cDNA,transcriptomic,RNA-Seq,total RNA,Homo sapiens,GPL24676,,,,,,,,,,,,Liver,,SRA,Liver,https://www.ncbi.nlm.nih.gov/sra?term=SRX24829391,,ABZ370
GSM8314871,,,,Liver,,Illumina NovaSeq 6000,cDNA,transcriptomic,RNA-Seq,total RNA,Homo sapiens,GPL24676,,,,,,,,,,,,Liver,,SRA,Liver,https://www.ncbi.nlm.nih.gov/sra?term=SRX24829392,,IRP509
GSM8314872,,,,Liver,,Illumina NovaSeq 6000,cDNA,transcriptomic,RNA-Seq,total RNA,Homo sapiens,GPL24676,,,,,,,,,,,,Liver,,SRA,Liver,https://www.ncbi.nlm.nih.gov/sra?term=SRX24829393,,ZZX516
GSM8314873,,,,Liver,,Illumina NovaSeq 6000,cDNA,transcriptomic,RNA-Seq,total RNA,Homo sapiens,GPL24676,,,,,,,,,,,,Liver,,SRA,Liver,https://www.ncbi.nlm.nih.gov/sra?term=SRX24829394,,IPZ774
GSM8314874,,,,Liver,,Illumina NovaSeq 6000,cDNA,transcriptomic,RNA-Seq,total RNA,Homo sapiens,GPL24676,,,,,,,,,,,,Liver,,SRA,Liver,https://www.ncbi.nlm.nih.gov/sra?term=SRX24829395,,ADI555
GSM8314875,,,,Liver,,Illumina NovaSeq 6000,cDNA,transcriptomic,RNA-Seq,total RNA,Homo sapiens,GPL24676,,,,,,,,,,,,Liver,,SRA,Liver,https://www.ncbi.nlm.nih.gov/sra?term=SRX24829397,,YNL310
GSM8314876,,,,Liver,,Illumina NovaSeq 6000,cDNA,transcriptomic,RNA-Seq,total RNA,Homo sapiens,GPL24676,,,,,,,,,,,,Liver,,SRA,Liver,https://www.ncbi.nlm.nih.gov/sra?term=SRX24829398,,ZTZ746
GSM8314877,,,,Liver,,Illumina NovaSeq 6000,cDNA,transcriptomic,RNA-Seq,total RNA,Homo sapiens,GPL24676,,,,,,,,,,,,Liver,,SRA,Liver,https://www.ncbi.nlm.nih.gov/sra?term=SRX24829399,,GNO731
GSM8314878,,,,Liver,,Illumina NovaSeq 6000,cDNA,transcriptomic,RNA-Seq,total RNA,Homo sapiens,GPL24676,,,,,,,,,,,,Liver,,SRA,Liver,https://www.ncbi.nlm.nih.gov/sra?term=SRX24829400,,HPF205
GSM8314879,,,,Liver,,Illumina NovaSeq 6000,cDNA,transcriptomic,RNA-Seq,total RNA,Homo sapiens,GPL24676,,,,,,,,,,,,Liver,,SRA,Liver,https://www.ncbi.nlm.nih.gov/sra?term=SRX24829402,,RKT482
GSM8314880,,,,Liver,,Illumina NovaSeq 6000,cDNA,transcriptomic,RNA-Seq,total RNA,Homo sapiens,GPL24676,,,,,,,,,,,,Liver,,SRA,Liver,https://www.ncbi.nlm.nih.gov/sra?term=SRX24829403,,HML208
GSM8314881,,,,Liver,,Illumina NovaSeq 6000,cDNA,transcriptomic,RNA-Seq,total RNA,Homo sapiens,GPL24676,,,,,,,,,,,,Liver,,SRA,Liver,https://www.ncbi.nlm.nih.gov/sra?term=SRX24829404,,TWJ769
GSM8314882,,,,Liver,,Illumina NovaSeq 6000,cDNA,transcriptomic,RNA-Seq,total RNA,Homo sapiens,GPL24676,,,,,,,,,,,,Liver,,SRA,Liver,https://www.ncbi.nlm.nih.gov/sra?term=SRX24829405,,YDJ237
GSM8314883,,,,Liver,,Illumina NovaSeq 6000,cDNA,transcriptomic,RNA-Seq,total RNA,Homo sapiens,GPL24676,,,,,,,,,,,,Liver,,SRA,Liver,https://www.ncbi.nlm.nih.gov/sra?term=SRX24829406,,SBB944
GSM8314884,,,,Liver,,Illumina NovaSeq 6000,cDNA,transcriptomic,RNA-Seq,total RNA,Homo sapiens,GPL24676,,,,,,,,,,,,Liver,,SRA,Liver,https://www.ncbi.nlm.nih.gov/sra?term=SRX24829407,,BQG343
GSM8314885,,,,Liver,,Illumina NovaSeq 6000,cDNA,transcriptomic,RNA-Seq,total RNA,Homo sapiens,GPL24676,,,,,,,,,,,,Liver,,SRA,Liver,https://www.ncbi.nlm.nih.gov/sra?term=SRX24829408,,FAO468
GSM8314886,,,,Liver,,Illumina NovaSeq 6000,cDNA,transcriptomic,RNA-Seq,total RNA,Homo sapiens,GPL24676,,,,,,,,,,,,Liver,,SRA,Liver,https://www.ncbi.nlm.nih.gov/sra?term=SRX24829409,,XVC832
GSM8314887,,,,Liver,,Illumina NovaSeq 6000,cDNA,transcriptomic,RNA-Seq,total RNA,Homo sapiens,GPL24676,,,,,,,,,,,,Liver,,SRA,Liver,https://www.ncbi.nlm.nih.gov/sra?term=SRX24829410,,CNR595
GSM8314888,,,,Liver,,Illumina NovaSeq 6000,cDNA,transcriptomic,RNA-Seq,total RNA,Homo sapiens,GPL24676,,,,,,,,,,,,Liver,,SRA,Liver,https://www.ncbi.nlm.nih.gov/sra?term=SRX24829411,,TTQ135
GSM8314889,,,,Liver,,Illumina NovaSeq 6000,cDNA,transcriptomic,RNA-Seq,total RNA,Homo sapiens,GPL24676,,,,,,,,,,,,Liver,,SRA,Liver,https://www.ncbi.nlm.nih.gov/sra?term=SRX24829413,,GWX459
GSM8314890,,,,Liver,,Illumina NovaSeq 6000,cDNA,transcriptomic,RNA-Seq,total RNA,Homo sapiens,GPL24676,,,,,,,,,,,,Liver,,SRA,Liver,https://www.ncbi.nlm.nih.gov/sra?term=SRX24829414,,UMD368
GSM8314891,,,,Liver,,Illumina NovaSeq 6000,cDNA,transcriptomic,RNA-Seq,total RNA,Homo sapiens,GPL24676,,,,,,,,,,,,Liver,,SRA,Liver,https://www.ncbi.nlm.nih.gov/sra?term=SRX24829415,,UIX583
GSM8314892,,,,Liver,,Illumina NovaSeq 6000,cDNA,transcriptomic,RNA-Seq,total RNA,Homo sapiens,GPL24676,,,,,,,,,,,,Liver,,SRA,Liver,https://www.ncbi.nlm.nih.gov/sra?term=SRX24829416,,DWS954
GSM8314893,,,,Liver,,Illumina NovaSeq 6000,cDNA,transcriptomic,RNA-Seq,total RNA,Homo sapiens,GPL24676,,,,,,,,,,,,Liver,,SRA,Liver,https://www.ncbi.nlm.nih.gov/sra?term=SRX24829417,,NSF317
GSM8314894,,,,Liver,,Illumina NovaSeq 6000,cDNA,transcriptomic,RNA-Seq,total RNA,Homo sapiens,GPL24676,,,,,,,,,,,,Liver,,SRA,Liver,https://www.ncbi.nlm.nih.gov/sra?term=SRX24829418,,PWQ681
GSM8314895,,,,Liver,,Illumina NovaSeq 6000,cDNA,transcriptomic,RNA-Seq,total RNA,Homo sapiens,GPL24676,,,,,,,,,,,,Liver,,SRA,Liver,https://www.ncbi.nlm.nih.gov/sra?term=SRX24829419,,XNG554
GSM8314896,,,,Liver,,Illumina NovaSeq 6000,cDNA,transcriptomic,RNA-Seq,total RNA,Homo sapiens,GPL24676,,,,,,,,,,,,Liver,,SRA,Liver,https://www.ncbi.nlm.nih.gov/sra?term=SRX24829420,,FHC603
GSM8314897,,,,Liver,,Illumina NovaSeq 6000,cDNA,transcriptomic,RNA-Seq,total RNA,Homo sapiens,GPL24676,,,,,,,,,,,,Liver,,SRA,Liver,https://www.ncbi.nlm.nih.gov/sra?term=SRX24829421,,DJG504
GSM8314898,,,,Liver,,Illumina NovaSeq 6000,cDNA,transcriptomic,RNA-Seq,total RNA,Homo sapiens,GPL24676,,,,,,,,,,,,Liver,,SRA,Liver,https://www.ncbi.nlm.nih.gov/sra?term=SRX24829422,,WZG609
GSM8314899,,,,Liver,,Illumina NovaSeq 6000,cDNA,transcriptomic,RNA-Seq,total RNA,Homo sapiens,GPL24676,,,,,,,,,,,,Liver,,SRA,Liver,https://www.ncbi.nlm.nih.gov/sra?term=SRX24829424,,HNK873
GSM8314900,,,,Liver,,Illumina NovaSeq 6000,cDNA,transcriptomic,RNA-Seq,total RNA,Homo sapiens,GPL24676,,,,,,,,,,,,Liver,,SRA,Liver,https://www.ncbi.nlm.nih.gov/sra?term=SRX24829425,,MUH937
GSM8314901,,,,Liver,,Illumina NovaSeq 6000,cDNA,transcriptomic,RNA-Seq,total RNA,Homo sapiens,GPL24676,,,,,,,,,,,,Liver,,SRA,Liver,https://www.ncbi.nlm.nih.gov/sra?term=SRX24829426,,WAH911
GSM8314902,,,,Liver,,Illumina NovaSeq 6000,cDNA,transcriptomic,RNA-Seq,total RNA,Homo sapiens,GPL24676,,,,,,,,,,,,Liver,,SRA,Liver,https://www.ncbi.nlm.nih.gov/sra?term=SRX24829225,,AKE602
GSM8314903,,,,Liver,,Illumina NovaSeq 6000,cDNA,transcriptomic,RNA-Seq,total RNA,Homo sapiens,GPL24676,,,,,,,,,,,,Liver,,SRA,Liver,https://www.ncbi.nlm.nih.gov/sra?term=SRX24829234,,WEW415
GSM8314904,,,,Liver,,Illumina NovaSeq 6000,cDNA,transcriptomic,RNA-Seq,total RNA,Homo sapiens,GPL24676,,,,,,,,,,,,Liver,,SRA,Liver,https://www.ncbi.nlm.nih.gov/sra?term=SRX24829226,,NVS675
GSM8314905,,,,Liver,,Illumina NovaSeq 6000,cDNA,transcriptomic,RNA-Seq,total RNA,Homo sapiens,GPL24676,,,,,,,,,,,,Liver,,SRA,Liver,https://www.ncbi.nlm.nih.gov/sra?term=SRX24829227,,WVK235
GSM8314906,,,,Liver,,Illumina NovaSeq 6000,cDNA,transcriptomic,RNA-Seq,total RNA,Homo sapiens,GPL24676,,,,,,,,,,,,Liver,,SRA,Liver,https://www.ncbi.nlm.nih.gov/sra?term=SRX24829228,,OYE145
GSM8314907,,,,Liver,,Illumina NovaSeq 6000,cDNA,transcriptomic,RNA-Seq,total RNA,Homo sapiens,GPL24676,,,,,,,,,,,,Liver,,SRA,Liver,https://www.ncbi.nlm.nih.gov/sra?term=SRX24829229,,XSP436
GSM8314908,,,,Liver,,Illumina NovaSeq 6000,cDNA,transcriptomic,RNA-Seq,total RNA,Homo sapiens,GPL24676,,,,,,,,,,,,Liver,,SRA,Liver,https://www.ncbi.nlm.nih.gov/sra?term=SRX24829230,,YRI137
GSM8314909,,,,Liver,,Illumina NovaSeq 6000,cDNA,transcriptomic,RNA-Seq,total RNA,Homo sapiens,GPL24676,,,,,,,,,,,,Liver,,SRA,Liver,https://www.ncbi.nlm.nih.gov/sra?term=SRX24829231,,EFT620
GSM8314910,,,,Liver,,Illumina NovaSeq 6000,cDNA,transcriptomic,RNA-Seq,total RNA,Homo sapiens,GPL24676,,,,,,,,,,,,Liver,,SRA,Liver,https://www.ncbi.nlm.nih.gov/sra?term=SRX24829233,,RVO178
GSM8748885,,,,,,Illumina NovaSeq 6000,cDNA,transcriptomic,RNA-Seq,polyA RNA,Homo sapiens,GPL24676,,,,HSC,,,,,,,,,,SRA,HSC,https://www.ncbi.nlm.nih.gov/sra?term=SRX27413751,,HSC001_UNTREATED+COLCOAT_4day_R1_1
GSM8748886,,,,,,Illumina NovaSeq 6000,cDNA,transcriptomic,RNA-Seq,polyA RNA,Homo sapiens,GPL24676,,,,HSC,,,,,,,,,,SRA,HSC,https://www.ncbi.nlm.nih.gov/sra?term=SRX27413752,,HSC001_UNTREATED+COLCOAT_4day_R2_1
GSM8748887,,,,,,Illumina NovaSeq 6000,cDNA,transcriptomic,RNA-Seq,polyA RNA,Homo sapiens,GPL24676,,,,HSC,,,,,,,,,,SRA,HSC,https://www.ncbi.nlm.nih.gov/sra?term=SRX27413753,,HSC001_UNTREATED+COLCOAT_4day_R3_1
GSM8748888,,,,,,Illumina NovaSeq 6000,cDNA,transcriptomic,RNA-Seq,polyA RNA,Homo sapiens,GPL24676,,,,HSC,,,,,,,,,,SRA,HSC,https://www.ncbi.nlm.nih.gov/sra?term=SRX27413754,,HSC001_TGFB1+COLCOAT_4day_R1_1
GSM8748889,,,,,,Illumina NovaSeq 6000,cDNA,transcriptomic,RNA-Seq,polyA RNA,Homo sapiens,GPL24676,,,,HSC,,,,,,,,,,SRA,HSC,https://www.ncbi.nlm.nih.gov/sra?term=SRX27413755,,HSC001_TGFB1+COLCOAT_4day_R2_1
GSM8748890,,,,,,Illumina NovaSeq 6000,cDNA,transcriptomic,RNA-Seq,polyA RNA,Homo sapiens,GPL24676,,,,HSC,,,,,,,,,,SRA,HSC,https://www.ncbi.nlm.nih.gov/sra?term=SRX27413756,,HSC001_TGFB1+COLCOAT_4day_R3_1
GSM8748891,,,,,,Illumina NovaSeq 6000,cDNA,transcriptomic,RNA-Seq,polyA RNA,Homo sapiens,GPL24676,,,,HSC,,,,,,,,,,SRA,HSC,https://www.ncbi.nlm.nih.gov/sra?term=SRX27413757,,HSC001_UNTREATED+NOCOAT_7day_R1_1
GSM8748892,,,,,,Illumina NovaSeq 6000,cDNA,transcriptomic,RNA-Seq,polyA RNA,Homo sapiens,GPL24676,,,,HSC,,,,,,,,,,SRA,HSC,https://www.ncbi.nlm.nih.gov/sra?term=SRX27413758,,HSC001_UNTREATED+NOCOAT_7day_R2_1
GSM8748893,,,,,,Illumina NovaSeq 6000,cDNA,transcriptomic,RNA-Seq,polyA RNA,Homo sapiens,GPL24676,,,,HSC,,,,,,,,,,SRA,HSC,https://www.ncbi.nlm.nih.gov/sra?term=SRX27413759,,HSC001_UNTREATED+NOCOAT_7day_R3_1
GSM8748894,,,,,,Illumina NovaSeq 6000,cDNA,transcriptomic,RNA-Seq,polyA RNA,Homo sapiens,GPL24676,,,,HSC,,,,,,,,,,SRA,HSC,https://www.ncbi.nlm.nih.gov/sra?term=SRX27413760,,HSC001_TGFB1+NOCOAT_7day_R1_1
GSM8748895,,,,,,Illumina NovaSeq 6000,cDNA,transcriptomic,RNA-Seq,polyA RNA,Homo sapiens,GPL24676,,,,HSC,,,,,,,,,,SRA,HSC,https://www.ncbi.nlm.nih.gov/sra?term=SRX27413761,,HSC001_TGFB1+NOCOAT_7day_R2_1
GSM8748896,,,,,,Illumina NovaSeq 6000,cDNA,transcriptomic,RNA-Seq,polyA RNA,Homo sapiens,GPL24676,,,,HSC,,,,,,,,,,SRA,HSC,https://www.ncbi.nlm.nih.gov/sra?term=SRX27413762,,HSC001_TGFB1+NOCOAT_7day_R3_1
GSM8748897,,,,,,Illumina NovaSeq 6000,cDNA,transcriptomic,RNA-Seq,polyA RNA,Homo sapiens,GPL24676,,,,HSC,,,,,,,,,,SRA,HSC,https://www.ncbi.nlm.nih.gov/sra?term=SRX27413763,,HSC001_UNTREATED+COLCOAT_4day_R4_1
GSM8748898,,,,,,Illumina NovaSeq 6000,cDNA,transcriptomic,RNA-Seq,polyA RNA,Homo sapiens,GPL24676,,,,HSC,,,,,,,,,,SRA,HSC,https://www.ncbi.nlm.nih.gov/sra?term=SRX27413764,,HSC001_TGFB1+COLCOAT_4day_R4_1
GSM8748899,,,,,,Illumina NovaSeq 6000,cDNA,transcriptomic,RNA-Seq,polyA RNA,Homo sapiens,GPL24676,,,,HSC,,,,,,,,,,SRA,HSC,https://www.ncbi.nlm.nih.gov/sra?term=SRX27413765,,HSC001_UNTREATED+COLCOAT_4day_R1_2
GSM8748900,,,,,,Illumina NovaSeq 6000,cDNA,transcriptomic,RNA-Seq,polyA RNA,Homo sapiens,GPL24676,,,,HSC,,,,,,,,,,SRA,HSC,https://www.ncbi.nlm.nih.gov/sra?term=SRX27413766,,HSC001_UNTREATED+COLCOAT_4day_R2_2
GSM8748901,,,,,,Illumina NovaSeq 6000,cDNA,transcriptomic,RNA-Seq,polyA RNA,Homo sapiens,GPL24676,,,,HSC,,,,,,,,,,SRA,HSC,https://www.ncbi.nlm.nih.gov/sra?term=SRX27413767,,HSC001_UNTREATED+COLCOAT_4day_R3_2
GSM8748902,,,,,,Illumina NovaSeq 6000,cDNA,transcriptomic,RNA-Seq,polyA RNA,Homo sapiens,GPL24676,,,,HSC,,,,,,,,,,SRA,HSC,https://www.ncbi.nlm.nih.gov/sra?term=SRX27413768,,HSC001_TGFB1+COLCOAT_4day_R1_2
GSM8748903,,,,,,Illumina NovaSeq 6000,cDNA,transcriptomic,RNA-Seq,polyA RNA,Homo sapiens,GPL24676,,,,HSC,,,,,,,,,,SRA,HSC,https://www.ncbi.nlm.nih.gov/sra?term=SRX27413769,,HSC001_TGFB1+COLCOAT_4day_R2_2
GSM8748904,,,,,,Illumina NovaSeq 6000,cDNA,transcriptomic,RNA-Seq,polyA RNA,Homo sapiens,GPL24676,,,,HSC,,,,,,,,,,SRA,HSC,https://www.ncbi.nlm.nih.gov/sra?term=SRX27413770,,HSC001_TGFB1+COLCOAT_4day_R3_2
GSM8748905,,,,,,Illumina NovaSeq 6000,cDNA,transcriptomic,RNA-Seq,polyA RNA,Homo sapiens,GPL24676,,,,HSC,,,,,,,,,,SRA,HSC,https://www.ncbi.nlm.nih.gov/sra?term=SRX27413771,,HSC001_UNTREATED+NOCOAT_7day_R1_2
GSM8748906,,,,,,Illumina NovaSeq 6000,cDNA,transcriptomic,RNA-Seq,polyA RNA,Homo sapiens,GPL24676,,,,HSC,,,,,,,,,,SRA,HSC,https://www.ncbi.nlm.nih.gov/sra?term=SRX27413772,,HSC001_UNTREATED+NOCOAT_7day_R2_2
GSM8748907,,,,,,Illumina NovaSeq 6000,cDNA,transcriptomic,RNA-Seq,polyA RNA,Homo sapiens,GPL24676,,,,HSC,,,,,,,,,,SRA,HSC,https://www.ncbi.nlm.nih.gov/sra?term=SRX27413773,,HSC001_UNTREATED+NOCOAT_7day_R3_2
GSM8748908,,,,,,Illumina NovaSeq 6000,cDNA,transcriptomic,RNA-Seq,polyA RNA,Homo sapiens,GPL24676,,,,HSC,,,,,,,,,,SRA,HSC,https://www.ncbi.nlm.nih.gov/sra?term=SRX27413774,,HSC001_TGFB1+NOCOAT_7day_R1_2
GSM8748909,,,,,,Illumina NovaSeq 6000,cDNA,transcriptomic,RNA-Seq,polyA RNA,Homo sapiens,GPL24676,,,,HSC,,,,,,,,,,SRA,HSC,https://www.ncbi.nlm.nih.gov/sra?term=SRX27413775,,HSC001_TGFB1+NOCOAT_7day_R2_2
GSM8748910,,,,,,Illumina NovaSeq 6000,cDNA,transcriptomic,RNA-Seq,polyA RNA,Homo sapiens,GPL24676,,,,HSC,,,,,,,,,,SRA,HSC,https://www.ncbi.nlm.nih.gov/sra?term=SRX27413776,,HSC001_TGFB1+NOCOAT_7day_R3_2
GSM8748911,,,,,,Illumina NovaSeq 6000,cDNA,transcriptomic,RNA-Seq,polyA RNA,Homo sapiens,GPL24676,,,,HSC,,,,,,,,,,SRA,HSC,https://www.ncbi.nlm.nih.gov/sra?term=SRX27413777,,HSC001_UNTREATED+COLCOAT_4day_R4_2
GSM8748912,,,,,,Illumina NovaSeq 6000,cDNA,transcriptomic,RNA-Seq,polyA RNA,Homo sapiens,GPL24676,,,,HSC,,,,,,,,,,SRA,HSC,https://www.ncbi.nlm.nih.gov/sra?term=SRX27413778,,HSC001_TGFB1+COLCOAT_4day_R4_2
